Gender,Age,Debt,Married,BankCustomer,EducationLevel,Ethnicity,YearsEmployed,PriorDefault,Employed,CreditScore,DriversLicense,Citizen,ZipCode,Income,Approved,Approved_Status
Female,30.83,0.0,Unknown,Yes,Graduate,Asian,1.25,Yes,Yes,14.93,No,Indian,202.0,0,Approved,Approved
Male,58.67,4.46,Unknown,Yes,HighSchool,Asian,3.04,Yes,Yes,89.55,No,Indian,43.0,560,Approved,Approved
Male,24.5,0.5,Unknown,Yes,HighSchool,Asian,1.5,Yes,No,0.0,No,Indian,280.0,824,Approved,Approved
Female,27.83,1.54,Unknown,Yes,Graduate,Asian,3.75,Yes,Yes,74.63,Yes,Indian,100.0,3,Approved,Approved
Female,20.17,5.625,Unknown,Yes,Graduate,Asian,1.71,Yes,No,0.0,No,Other,120.0,0,Approved,Approved
Female,32.08,4.0,Unknown,Yes,Undergraduate,Asian,2.5,Yes,No,0.0,Yes,Indian,360.0,0,Approved,Approved
Female,33.17,1.04,Unknown,Yes,Undergraduate,Asian,6.5,Yes,No,0.0,Yes,Indian,164.0,31285,Approved,Approved
Male,22.92,11.585,Unknown,Yes,Undergraduate,Asian,0.04,Yes,No,0.0,No,Indian,80.0,1349,Approved,Approved
Female,54.42,0.5,Yes,Partial,HighSchool,Asian,3.96,Yes,No,0.0,No,Indian,180.0,314,Approved,Approved
Female,42.5,4.915,Yes,Partial,Graduate,Asian,3.165,Yes,No,0.0,Yes,Indian,52.0,1442,Approved,Approved
Female,22.08,0.83,Unknown,Yes,HighSchool,Asian,2.165,No,No,0.0,Yes,Indian,128.0,0,Approved,Approved
Female,29.92,1.835,Unknown,Yes,HighSchool,Asian,4.335,Yes,No,0.0,No,Indian,260.0,200,Approved,Approved
Male,38.25,6.0,Unknown,Yes,HighSchool,Asian,1.0,Yes,No,0.0,Yes,Indian,0.0,0,Approved,Approved
Female,48.08,6.04,Unknown,Yes,HighSchool,Asian,0.04,No,No,0.0,No,Indian,0.0,2690,Approved,Approved
Male,45.83,10.5,Unknown,Yes,HighSchool,Asian,5.0,Yes,Yes,104.48,Yes,Indian,0.0,0,Approved,Approved
Female,36.67,4.415,Yes,Partial,HighSchool,Asian,0.25,Yes,Yes,149.25,Yes,Indian,320.0,0,Approved,Approved
Female,28.25,0.875,Unknown,Yes,Undergraduate,Asian,0.96,Yes,Yes,44.78,Yes,Indian,396.0,0,Approved,Approved
Male,23.25,5.875,Unknown,Yes,HighSchool,Asian,3.17,Yes,Yes,149.25,No,Indian,120.0,245,Approved,Approved
Female,21.83,0.25,Unknown,Yes,Undergraduate,Asian,0.665,Yes,No,0.0,Yes,Indian,0.0,0,Approved,Approved
Male,19.17,8.585,Unknown,Yes,Undergraduate,Asian,0.75,Yes,Yes,104.48,No,Indian,96.0,0,Approved,Approved
Female,25.0,11.25,Unknown,Yes,HighSchool,Asian,2.5,Yes,Yes,253.73,No,Indian,200.0,1208,Approved,Approved
Female,23.25,1.0,Unknown,Yes,HighSchool,Asian,0.835,Yes,No,0.0,No,Other,300.0,0,Approved,Approved
Male,47.75,8.0,Unknown,Yes,HighSchool,Asian,7.875,Yes,Yes,89.55,Yes,Indian,0.0,1260,Approved,Approved
Male,27.42,14.5,Unknown,Yes,Graduate,Asian,3.085,Yes,Yes,14.93,No,Indian,120.0,11,Approved,Approved
Male,41.17,6.5,Unknown,Yes,HighSchool,Asian,0.5,Yes,Yes,44.78,Yes,Indian,145.0,0,Approved,Approved
Male,15.83,0.585,Unknown,Yes,HighSchool,Asian,1.5,Yes,Yes,29.85,No,Indian,100.0,0,Approved,Approved
Male,47.0,13.0,Unknown,Yes,HighSchool,White,5.165,Yes,Yes,134.33,Yes,Indian,0.0,0,Approved,Approved
Female,56.58,18.5,Unknown,Yes,Undergraduate,White,15.0,Yes,Yes,253.73,Yes,Indian,0.0,0,Approved,Approved
Female,57.42,8.5,Unknown,Yes,Graduate,Asian,7.0,Yes,Yes,44.78,No,Indian,0.0,0,Approved,Approved
Female,42.08,1.04,Unknown,Yes,Graduate,Asian,5.0,Yes,Yes,89.55,Yes,Indian,500.0,10000,Approved,Approved
Female,29.25,14.79,Unknown,Yes,Graduate,Asian,5.04,Yes,Yes,74.63,Yes,Indian,168.0,0,Approved,Approved
Female,42.0,9.79,Unknown,Yes,Graduate,Asian,7.96,Yes,Yes,119.4,No,Indian,0.0,0,Approved,Approved
Female,49.5,7.585,Unknown,Yes,HighSchool,White,7.585,Yes,Yes,223.88,Yes,Indian,0.0,5000,Approved,Approved
Male,36.75,5.125,Unknown,Yes,Graduate,Asian,5.0,Yes,No,0.0,Yes,Indian,0.0,4000,Approved,Approved
Male,22.58,10.75,Unknown,Yes,HighSchool,Asian,0.415,Yes,Yes,74.63,Yes,Indian,0.0,560,Approved,Approved
Female,27.83,1.5,Unknown,Yes,Graduate,Asian,2.0,Yes,Yes,164.18,Yes,Indian,434.0,35,Approved,Approved
Female,27.25,1.585,Unknown,Yes,Undergraduate,Asian,1.835,Yes,Yes,179.1,Yes,Indian,583.0,713,Approved,Approved
Male,23.0,11.75,Unknown,Yes,Graduate,Asian,0.5,Yes,Yes,29.85,Yes,Indian,300.0,551,Approved,Approved
Female,27.75,0.585,Yes,Partial,Undergraduate,Asian,0.25,Yes,Yes,29.85,No,Indian,260.0,500,Approved,Approved
Female,54.58,9.415,Unknown,Yes,HighSchool,Black,14.415,Yes,Yes,164.18,Yes,Indian,30.0,300,Approved,Approved
Female,34.17,9.17,Unknown,Yes,HighSchool,Asian,4.5,Yes,Yes,179.1,Yes,Indian,0.0,221,Approved,Approved
Female,28.92,15.0,Unknown,Yes,HighSchool,Asian,5.335,Yes,Yes,164.18,No,Indian,0.0,2283,Approved,Approved
Female,29.67,1.415,Unknown,Yes,Graduate,Asian,0.75,Yes,Yes,14.93,No,Indian,240.0,100,Approved,Approved
Female,39.58,13.915,Unknown,Yes,Graduate,Asian,8.625,Yes,Yes,89.55,Yes,Indian,70.0,0,Approved,Approved
Female,56.42,28.0,Yes,Partial,HighSchool,Asian,28.5,Yes,Yes,597.01,No,Indian,0.0,15,Approved,Approved
Female,54.33,6.75,Unknown,Yes,HighSchool,Asian,2.625,Yes,Yes,164.18,Yes,Indian,0.0,284,Approved,Approved
Male,41.0,2.04,Yes,Partial,HighSchool,Asian,0.125,Yes,Yes,343.28,Yes,Indian,455.0,1236,Approved,Approved
Female,31.92,4.46,Unknown,Yes,Undergraduate,Asian,6.04,Yes,Yes,44.78,No,Indian,311.0,300,Approved,Approved
Female,41.5,1.54,Unknown,Yes,HighSchool,White,3.5,No,No,0.0,No,Indian,216.0,0,Approved,Approved
Female,23.92,0.665,Unknown,Yes,HighSchool,Asian,0.165,No,No,0.0,No,Indian,100.0,0,Approved,Approved
Male,25.75,0.5,Unknown,Yes,HighSchool,Asian,0.875,Yes,No,0.0,Yes,Indian,491.0,0,Approved,Approved
Female,26.0,1.0,Unknown,Yes,HighSchool,Asian,1.75,Yes,No,0.0,Yes,Indian,280.0,0,Approved,Approved
Female,37.42,2.04,Unknown,Yes,Graduate,Asian,0.04,Yes,No,0.0,Yes,Indian,400.0,5800,Approved,Approved
Female,34.92,2.5,Unknown,Yes,Graduate,Asian,0.0,Yes,No,0.0,Yes,Indian,239.0,200,Approved,Approved
Female,34.25,3.0,Unknown,Yes,Undergraduate,Asian,7.415,Yes,No,0.0,Yes,Indian,0.0,0,Approved,Approved
Female,23.33,11.625,Yes,Partial,Graduate,Asian,0.835,Yes,No,0.0,Yes,Indian,160.0,300,Approved,Approved
Female,23.17,0.0,Unknown,Yes,Undergraduate,Asian,0.085,Yes,No,0.0,No,Indian,0.0,0,Approved,Approved
Female,44.33,0.5,Unknown,Yes,HighSchool,Asian,5.0,Yes,No,0.0,Yes,Indian,320.0,0,Approved,Approved
Female,35.17,4.5,Unknown,Yes,Graduate,Asian,5.75,No,No,0.0,Yes,Other,711.0,0,Approved,Approved
Female,43.25,3.0,Unknown,Yes,HighSchool,Asian,6.0,Yes,Yes,164.18,No,Indian,80.0,0,Approved,Approved
Female,56.75,12.25,Unknown,Yes,Undergraduate,Asian,1.25,Yes,Yes,59.7,Yes,Indian,200.0,0,Approved,Approved
Female,31.67,16.165,Unknown,Yes,Undergraduate,Asian,3.0,Yes,Yes,134.33,No,Indian,250.0,730,Approved,Approved
Male,23.42,0.79,Yes,Partial,HighSchool,Asian,1.5,Yes,Yes,29.85,Yes,Indian,80.0,400,Approved,Approved
Male,20.42,0.835,Unknown,Yes,HighSchool,Asian,1.585,Yes,Yes,14.93,No,Indian,0.0,0,Approved,Approved
Female,26.67,4.25,Unknown,Yes,Undergraduate,Asian,4.29,Yes,Yes,14.93,Yes,Indian,120.0,0,Approved,Approved
Female,34.17,1.54,Unknown,Yes,Undergraduate,Asian,1.54,Yes,Yes,14.93,Yes,Indian,520.0,50000,Approved,Approved
Male,36.0,1.0,Unknown,Yes,HighSchool,Asian,2.0,Yes,Yes,164.18,No,Indian,0.0,456,Approved,Approved
Female,25.5,0.375,Unknown,Yes,Undergraduate,Asian,0.25,Yes,Yes,44.78,No,Indian,260.0,15108,Approved,Approved
Female,19.42,6.5,Unknown,Yes,Graduate,Asian,1.46,Yes,Yes,104.48,No,Indian,80.0,2954,Approved,Approved
Female,35.17,25.125,Unknown,Yes,Graduate,Asian,1.625,Yes,Yes,14.93,Yes,Indian,515.0,500,Approved,Approved
Female,32.33,7.5,Unknown,Yes,Graduate,White,1.585,Yes,No,0.0,Yes,Other,420.0,0,Rejected,Not Approved
Female,34.83,4.0,Unknown,Yes,Undergraduate,White,12.5,Yes,No,0.0,Yes,Indian,,0,Rejected,Not Approved
Male,38.58,5.0,Unknown,Yes,Undergraduate,Asian,13.5,Yes,No,0.0,Yes,Indian,980.0,0,Rejected,Not Approved
Female,44.25,0.5,Unknown,Yes,Undergraduate,Asian,10.75,Yes,No,0.0,No,Other,400.0,0,Rejected,Not Approved
Female,44.83,7.0,Yes,Partial,HighSchool,Asian,1.625,No,No,0.0,No,Indian,160.0,2,Rejected,Not Approved
Female,20.67,5.29,Unknown,Yes,HighSchool,Asian,0.375,Yes,Yes,14.93,No,Indian,160.0,0,Rejected,Not Approved
Female,34.08,6.5,Unknown,Yes,Graduate,Asian,0.125,Yes,No,0.0,Yes,Indian,443.0,0,Rejected,Not Approved
Male,19.17,0.585,Yes,Partial,Graduate,Asian,0.585,Yes,No,0.0,Yes,Indian,160.0,0,Rejected,Not Approved
Female,21.67,1.165,Yes,Partial,HighSchool,Asian,2.5,Yes,Yes,14.93,No,Indian,180.0,20,Rejected,Not Approved
Female,21.5,9.75,Unknown,Yes,HighSchool,Asian,0.25,Yes,No,0.0,No,Indian,140.0,0,Rejected,Not Approved
Female,49.58,19.0,Unknown,Yes,HighSchool,Black,0.0,Yes,Yes,14.93,No,Indian,94.0,0,Rejected,Not Approved
Male,27.67,1.5,Unknown,Yes,Undergraduate,Asian,2.0,Yes,No,0.0,No,Other,368.0,0,Rejected,Not Approved
Female,39.83,0.5,Unknown,Yes,Undergraduate,Asian,0.25,Yes,No,0.0,No,Other,288.0,0,Rejected,Not Approved
Male,,3.5,Unknown,Yes,Undergraduate,Asian,3.0,Yes,No,0.0,Yes,Indian,300.0,0,Rejected,Not Approved
Female,27.25,0.625,Unknown,Yes,Graduate,Asian,0.455,Yes,No,0.0,Yes,Indian,200.0,0,Rejected,Not Approved
Female,37.17,4.0,Unknown,Yes,HighSchool,White,5.0,Yes,No,0.0,Yes,Other,280.0,0,Rejected,Not Approved
Female,,0.375,Unknown,Yes,Undergraduate,Asian,0.875,Yes,No,0.0,Yes,Other,928.0,0,Rejected,Not Approved
Female,25.67,2.21,Yes,Partial,Graduate,Asian,4.0,Yes,No,0.0,No,Indian,188.0,0,Rejected,Not Approved
Female,34.0,4.5,Unknown,Yes,Graduate,Asian,1.0,Yes,No,0.0,Yes,Indian,240.0,0,Rejected,Not Approved
Male,49.0,1.5,Unknown,Yes,HighSchool,Black,0.0,Yes,No,0.0,Yes,Indian,100.0,27,Rejected,Not Approved
Female,62.5,12.75,Yes,Partial,HighSchool,Asian,5.0,Yes,No,0.0,No,Indian,112.0,0,Rejected,Not Approved
Female,31.42,15.5,Unknown,Yes,HighSchool,Asian,0.5,Yes,No,0.0,No,Indian,120.0,0,Rejected,Not Approved
Female,,5.0,Yes,Partial,Graduate,Asian,8.5,Yes,No,0.0,No,Indian,0.0,0,Rejected,Not Approved
Female,52.33,1.375,Yes,Partial,HighSchool,Asian,9.46,Yes,No,0.0,Yes,Indian,200.0,100,Rejected,Not Approved
Female,28.75,1.5,Yes,Partial,HighSchool,Asian,1.5,Yes,No,0.0,Yes,Indian,0.0,225,Rejected,Not Approved
Male,28.58,3.54,Unknown,Yes,HighSchool,White,0.5,Yes,No,0.0,Yes,Indian,171.0,0,Rejected,Not Approved
Female,23.0,0.625,Yes,Partial,Graduate,Asian,0.125,Yes,No,0.0,No,Indian,180.0,1,Rejected,Not Approved
Female,,0.5,Unknown,Yes,HighSchool,White,0.835,Yes,No,0.0,Yes,Other,320.0,0,Rejected,Not Approved
Male,22.5,11.0,Yes,Partial,HighSchool,Asian,3.0,Yes,No,0.0,Yes,Indian,268.0,0,Rejected,Not Approved
Male,28.5,1.0,Unknown,Yes,HighSchool,Asian,1.0,Yes,Yes,29.85,Yes,Indian,167.0,500,Rejected,Not Approved
Female,37.5,1.75,Yes,Partial,HighSchool,White,0.25,Yes,No,0.0,Yes,Indian,164.0,400,Rejected,Not Approved
Female,35.25,16.5,Yes,Partial,HighSchool,Asian,4.0,Yes,No,0.0,No,Indian,80.0,0,Rejected,Not Approved
Female,18.67,5.0,Unknown,Yes,HighSchool,Asian,0.375,Yes,Yes,29.85,No,Indian,0.0,38,Rejected,Not Approved
Female,25.0,12.0,Unknown,Yes,HighSchool,Asian,2.25,Yes,Yes,29.85,Yes,Indian,120.0,5,Rejected,Not Approved
Female,27.83,4.0,Yes,Partial,HighSchool,Asian,5.75,Yes,Yes,29.85,Yes,Indian,75.0,0,Rejected,Not Approved
Female,54.83,15.5,Unknown,Yes,Graduate,Asian,0.0,Yes,Yes,298.51,No,Indian,152.0,130,Rejected,Not Approved
Female,28.75,1.165,Unknown,Yes,HighSchool,Asian,0.5,Yes,No,0.0,No,Other,280.0,0,Rejected,Not Approved
Male,25.0,11.0,Yes,Partial,Graduate,Asian,4.5,Yes,No,0.0,No,Indian,120.0,0,Rejected,Not Approved
Female,40.92,2.25,Yes,Partial,Graduate,Asian,10.0,Yes,No,0.0,Yes,Indian,176.0,0,Rejected,Not Approved
Male,19.75,0.75,Unknown,Yes,HighSchool,Asian,0.795,Yes,Yes,74.63,Yes,Indian,140.0,5,Rejected,Not Approved
Female,29.17,3.5,Unknown,Yes,Graduate,Asian,3.5,Yes,Yes,44.78,Yes,Indian,329.0,0,Rejected,Not Approved
Male,24.5,1.04,Yes,Partial,HighSchool,Black,0.5,Yes,Yes,44.78,No,Indian,180.0,147,Rejected,Not Approved
Female,24.58,12.5,Unknown,Yes,Graduate,Asian,0.875,Yes,No,0.0,Yes,Indian,260.0,0,Rejected,Not Approved
Male,33.75,0.75,Unknown,Yes,HighSchool,White,1.0,Yes,Yes,44.78,Yes,Indian,212.0,0,Rejected,Not Approved
Female,20.67,1.25,Yes,Partial,HighSchool,Asian,1.375,Yes,Yes,44.78,Yes,Indian,140.0,210,Rejected,Not Approved
Male,25.42,1.125,Unknown,Yes,HighSchool,Asian,1.29,Yes,Yes,29.85,No,Indian,200.0,0,Rejected,Not Approved
Female,37.75,7.0,Unknown,Yes,HighSchool,Asian,11.5,Yes,Yes,104.48,Yes,Indian,300.0,5,Rejected,Not Approved
Female,52.5,6.5,Unknown,Yes,HighSchool,Asian,6.29,Yes,Yes,223.88,No,Indian,0.0,11202,Approved,Approved
Female,57.83,7.04,Unknown,Yes,Undergraduate,Asian,14.0,Yes,Yes,89.55,Yes,Indian,360.0,1332,Approved,Approved
Male,20.75,10.335,Unknown,Yes,Undergraduate,Asian,0.335,Yes,Yes,14.93,Yes,Indian,80.0,50,Approved,Approved
Female,39.92,6.21,Unknown,Yes,HighSchool,Asian,0.04,Yes,Yes,14.93,No,Indian,200.0,300,Approved,Approved
Female,25.67,12.5,Unknown,Yes,Undergraduate,Asian,1.21,Yes,Yes,1000.0,Yes,Indian,140.0,258,Approved,Approved
Male,24.75,12.5,Unknown,Yes,Graduate,Asian,1.5,Yes,Yes,179.1,Yes,Indian,120.0,567,Approved,Approved
Male,44.17,6.665,Unknown,Yes,HighSchool,Asian,7.375,Yes,Yes,44.78,Yes,Indian,0.0,0,Approved,Approved
Male,23.5,9.0,Unknown,Yes,HighSchool,Asian,8.5,Yes,Yes,74.63,Yes,Indian,120.0,0,Approved,Approved
Female,34.92,5.0,Unknown,Yes,Graduate,Asian,7.5,Yes,Yes,89.55,Yes,Indian,0.0,1000,Approved,Approved
Female,47.67,2.5,Unknown,Yes,Undergraduate,White,2.5,Yes,Yes,179.1,Yes,Indian,410.0,2510,Approved,Approved
Female,22.75,11.0,Unknown,Yes,HighSchool,Asian,2.5,Yes,Yes,104.48,Yes,Indian,100.0,809,Approved,Approved
Female,34.42,4.25,Unknown,Yes,HighSchool,White,3.25,Yes,Yes,29.85,No,Indian,274.0,610,Approved,Approved
Male,28.42,3.5,Unknown,Yes,Graduate,Asian,0.835,Yes,No,0.0,No,Other,280.0,0,Approved,Approved
Female,67.75,5.5,Unknown,Yes,Graduate,Asian,13.0,Yes,Yes,14.93,Yes,Indian,0.0,0,Approved,Approved
Female,20.42,1.835,Unknown,Yes,HighSchool,Asian,2.25,Yes,Yes,14.93,No,Indian,100.0,150,Approved,Approved
Male,47.42,8.0,Unknown,Yes,Graduate,White,6.5,Yes,Yes,89.55,No,Indian,375.0,51100,Approved,Approved
Female,36.25,5.0,Unknown,Yes,HighSchool,White,2.5,Yes,Yes,89.55,No,Indian,0.0,367,Approved,Approved
Female,32.67,5.5,Unknown,Yes,HighSchool,Asian,5.5,Yes,Yes,179.1,Yes,Indian,408.0,1000,Approved,Approved
Female,48.58,6.5,Unknown,Yes,HighSchool,Asian,6.0,Yes,No,0.0,Yes,Indian,350.0,0,Approved,Approved
Female,39.92,0.54,Yes,Partial,Graduate,Asian,0.5,Yes,Yes,44.78,No,Indian,200.0,1000,Approved,Approved
Female,33.58,2.75,Unknown,Yes,Undergraduate,Asian,4.25,Yes,Yes,89.55,No,Indian,204.0,0,Approved,Approved
Male,18.83,9.5,Unknown,Yes,Graduate,Asian,1.625,Yes,Yes,89.55,Yes,Indian,40.0,600,Approved,Approved
Male,26.92,13.5,Unknown,Yes,HighSchool,Asian,5.0,Yes,Yes,29.85,No,Indian,0.0,5000,Approved,Approved
Male,31.25,3.75,Unknown,Yes,Undergraduate,Asian,0.625,Yes,Yes,134.33,Yes,Indian,181.0,0,Approved,Approved
Male,56.5,16.0,Unknown,Yes,HighSchool,Black,0.0,Yes,Yes,223.88,No,Indian,0.0,247,Approved,Approved
Female,43.0,0.29,Yes,Partial,Undergraduate,Asian,1.75,Yes,Yes,119.4,No,Indian,100.0,375,Approved,Approved
Female,22.33,11.0,Unknown,Yes,Graduate,Asian,2.0,Yes,Yes,14.93,No,Indian,80.0,278,Approved,Approved
Female,27.25,1.665,Unknown,Yes,Undergraduate,Asian,5.085,Yes,Yes,134.33,No,Indian,399.0,827,Approved,Approved
Female,32.83,2.5,Unknown,Yes,Undergraduate,Asian,2.75,Yes,Yes,89.55,No,Indian,160.0,2072,Approved,Approved
Female,23.25,1.5,Unknown,Yes,HighSchool,Asian,2.375,Yes,Yes,44.78,Yes,Indian,0.0,582,Approved,Approved
Male,40.33,7.54,Yes,Partial,HighSchool,Asian,8.0,Yes,Yes,208.96,No,Indian,0.0,2300,Approved,Approved
Male,30.5,6.5,Unknown,Yes,HighSchool,White,4.0,Yes,Yes,104.48,Yes,Indian,0.0,3065,Approved,Approved
Male,52.83,15.0,Unknown,Yes,HighSchool,Asian,5.5,Yes,Yes,208.96,No,Indian,0.0,2200,Approved,Approved
Male,46.67,0.46,Unknown,Yes,Undergraduate,Asian,0.415,Yes,Yes,164.18,Yes,Indian,440.0,6,Approved,Approved
Male,58.33,10.0,Unknown,Yes,HighSchool,Asian,4.0,Yes,Yes,208.96,No,Indian,0.0,1602,Approved,Approved
Female,37.33,6.5,Unknown,Yes,Undergraduate,Asian,4.25,Yes,Yes,179.1,Yes,Indian,93.0,0,Approved,Approved
Female,23.08,2.5,Unknown,Yes,HighSchool,Asian,1.085,Yes,Yes,164.18,Yes,Indian,60.0,2184,Approved,Approved
Female,32.75,1.5,Unknown,Yes,Undergraduate,Asian,5.5,Yes,Yes,44.78,Yes,Indian,0.0,0,Approved,Approved
Male,21.67,11.5,Yes,Partial,HighSchool,Black,0.0,Yes,Yes,164.18,Yes,Indian,0.0,0,Approved,Approved
Male,28.5,3.04,Yes,Partial,Graduate,Asian,2.54,Yes,Yes,14.93,No,Indian,70.0,0,Approved,Approved
Male,68.67,15.0,Unknown,Yes,Graduate,Asian,0.0,Yes,Yes,208.96,No,Indian,0.0,3376,Approved,Approved
Female,28.0,2.0,Unknown,Yes,HighSchool,Asian,4.165,Yes,Yes,29.85,Yes,Indian,181.0,0,Approved,Approved
Female,34.08,0.08,Yes,Partial,Undergraduate,White,0.04,Yes,Yes,14.93,Yes,Indian,280.0,2000,Approved,Approved
Female,27.67,2.0,Unknown,Yes,Graduate,Asian,1.0,Yes,Yes,59.7,No,Indian,140.0,7544,Approved,Approved
Female,44.0,2.0,Unknown,Yes,Undergraduate,Asian,1.75,Yes,Yes,29.85,Yes,Indian,0.0,15,Approved,Approved
Female,25.08,1.71,Unknown,Yes,Graduate,Asian,1.665,Yes,Yes,14.93,Yes,Indian,395.0,20,Approved,Approved
Female,32.0,1.75,Yes,Partial,Graduate,Asian,0.04,Yes,No,0.0,Yes,Indian,393.0,0,Approved,Approved
Male,60.58,16.5,Unknown,Yes,HighSchool,Asian,11.0,Yes,No,0.0,Yes,Indian,21.0,10561,Approved,Approved
Male,40.83,10.0,Unknown,Yes,HighSchool,Asian,1.75,Yes,No,0.0,No,Indian,29.0,837,Approved,Approved
Female,19.33,9.5,Unknown,Yes,HighSchool,Asian,1.0,Yes,No,0.0,Yes,Indian,60.0,400,Approved,Approved
Male,32.33,0.54,Unknown,Yes,Undergraduate,Asian,0.04,Yes,No,0.0,No,Indian,440.0,11177,Approved,Approved
Female,36.67,3.25,Unknown,Yes,HighSchool,Asian,9.0,Yes,No,0.0,Yes,Indian,102.0,639,Approved,Approved
Female,37.5,1.125,Yes,Partial,Undergraduate,Asian,1.5,No,No,0.0,Yes,Indian,431.0,0,Approved,Approved
Male,25.08,2.54,Yes,Partial,Graduate,Asian,0.25,Yes,No,0.0,Yes,Indian,370.0,0,Approved,Approved
Female,41.33,0.0,Unknown,Yes,HighSchool,White,15.0,Yes,No,0.0,No,Indian,0.0,0,Approved,Approved
Female,56.0,12.5,Unknown,Yes,HighSchool,Asian,8.0,Yes,No,0.0,Yes,Indian,24.0,2028,Approved,Approved
Male,49.83,13.585,Unknown,Yes,HighSchool,Asian,8.5,Yes,No,0.0,Yes,Indian,0.0,0,Approved,Approved
Female,22.67,10.5,Unknown,Yes,HighSchool,Asian,1.335,Yes,No,0.0,No,Indian,100.0,0,Approved,Approved
Female,27.0,1.5,Yes,Partial,Graduate,Asian,0.375,Yes,No,0.0,Yes,Indian,260.0,1065,Approved,Approved
Female,25.0,12.5,Unknown,Yes,Graduate,Asian,3.0,Yes,No,0.0,Yes,Other,20.0,0,Approved,Approved
Male,26.08,8.665,Unknown,Yes,Graduate,Asian,1.415,Yes,No,0.0,No,Indian,160.0,150,Approved,Approved
Male,18.42,9.25,Unknown,Yes,HighSchool,Asian,1.21,Yes,Yes,59.7,No,Indian,60.0,540,Approved,Approved
Female,20.17,8.17,Unknown,Yes,Graduate,Asian,1.96,Yes,Yes,208.96,No,Indian,60.0,158,Approved,Approved
Female,47.67,0.29,Unknown,Yes,HighSchool,White,15.0,Yes,Yes,298.51,No,Indian,0.0,15000,Approved,Approved
Male,21.25,2.335,Unknown,Yes,HighSchool,White,0.5,Yes,Yes,59.7,No,Other,80.0,0,Approved,Approved
Male,20.67,3.0,Unknown,Yes,HighSchool,Asian,0.165,Yes,Yes,44.78,No,Indian,100.0,6,Approved,Approved
Male,57.08,19.5,Unknown,Yes,HighSchool,Asian,5.5,Yes,Yes,104.48,No,Indian,0.0,3000,Approved,Approved
Male,22.42,5.665,Unknown,Yes,HighSchool,Asian,2.585,Yes,Yes,104.48,No,Indian,129.0,3257,Approved,Approved
Female,48.75,8.5,Unknown,Yes,HighSchool,Asian,12.5,Yes,Yes,134.33,No,Indian,181.0,1655,Approved,Approved
Female,40.0,6.5,Unknown,Yes,Graduate,White,3.5,Yes,Yes,14.93,No,Indian,0.0,500,Approved,Approved
Female,40.58,5.0,Unknown,Yes,HighSchool,Asian,5.0,Yes,Yes,104.48,No,Indian,0.0,3065,Approved,Approved
Male,28.67,1.04,Unknown,Yes,HighSchool,Asian,2.5,Yes,Yes,74.63,Yes,Indian,300.0,1430,Approved,Approved
Male,33.08,4.625,Unknown,Yes,HighSchool,Asian,1.625,Yes,Yes,29.85,No,Indian,0.0,0,Approved,Approved
Female,21.33,10.5,Unknown,Yes,HighSchool,Asian,3.0,Yes,No,0.0,Yes,Indian,0.0,0,Approved,Approved
Female,42.0,0.205,Unknown,Yes,HighSchool,Asian,5.125,Yes,No,0.0,No,Indian,400.0,0,Approved,Approved
Female,41.75,0.96,Unknown,Yes,Graduate,Asian,2.5,Yes,No,0.0,No,Indian,510.0,600,Approved,Approved
Female,22.67,1.585,Yes,Partial,Graduate,Asian,3.085,Yes,Yes,89.55,No,Indian,80.0,0,Approved,Approved
Female,34.5,4.04,Yes,Partial,HighSchool,White,8.5,Yes,Yes,104.48,Yes,Indian,195.0,0,Approved,Approved
Female,28.25,5.04,Yes,Partial,HighSchool,White,1.5,Yes,Yes,119.4,Yes,Indian,144.0,7,Approved,Approved
Female,33.17,3.165,Yes,Partial,Graduate,Asian,3.165,Yes,Yes,44.78,Yes,Indian,380.0,0,Approved,Approved
Female,48.17,7.625,Unknown,Yes,Graduate,Asian,15.5,Yes,Yes,179.1,No,Indian,0.0,790,Approved,Approved
Female,27.58,2.04,Yes,Partial,Graduate,Asian,2.0,Yes,Yes,44.78,Yes,Indian,370.0,560,Approved,Approved
Female,22.58,10.04,Unknown,Yes,Graduate,Asian,0.04,Yes,Yes,134.33,No,Indian,60.0,396,Approved,Approved
Male,24.08,0.5,Unknown,Yes,HighSchool,Asian,1.25,Yes,Yes,14.93,No,Indian,0.0,678,Approved,Approved
Male,41.33,1.0,Unknown,Yes,HighSchool,White,2.25,Yes,No,0.0,Yes,Indian,0.0,300,Approved,Approved
Female,24.83,2.75,Unknown,Yes,HighSchool,Asian,2.25,Yes,Yes,89.55,No,Indian,,600,Approved,Approved
Male,20.75,10.25,Unknown,Yes,HighSchool,Asian,0.71,Yes,Yes,29.85,Yes,Indian,49.0,0,Approved,Approved
Female,36.33,2.125,Yes,Partial,Graduate,Asian,0.085,Yes,Yes,14.93,No,Indian,50.0,1187,Approved,Approved
Male,35.42,12.0,Unknown,Yes,HighSchool,Asian,14.0,Yes,Yes,119.4,No,Indian,0.0,6590,Approved,Approved
Male,71.58,0.0,,,,Unknown,0.0,No,No,0.0,No,Unknown,,0,Approved,Approved
Female,28.67,9.335,Unknown,Yes,HighSchool,Asian,5.665,Yes,Yes,89.55,No,Indian,381.0,168,Approved,Approved
Female,35.17,2.5,Unknown,Yes,HighSchool,Asian,4.5,Yes,Yes,104.48,No,Indian,150.0,1270,Approved,Approved
Female,39.5,4.25,Unknown,Yes,HighSchool,White,6.5,Yes,Yes,238.81,No,Indian,117.0,1210,Approved,Approved
Female,39.33,5.875,Unknown,Yes,Undergraduate,Asian,10.0,Yes,Yes,208.96,Yes,Indian,399.0,0,Approved,Approved
Female,24.33,6.625,Yes,Partial,Undergraduate,Asian,5.5,Yes,No,0.0,Yes,Other,100.0,0,Approved,Approved
Female,60.08,14.5,Unknown,Yes,HighSchool,Black,18.0,Yes,Yes,223.88,Yes,Indian,0.0,1000,Approved,Approved
Female,23.08,11.5,Unknown,Yes,HighSchool,Asian,3.5,Yes,Yes,134.33,No,Indian,56.0,742,Approved,Approved
Female,26.67,2.71,Yes,Partial,Undergraduate,Asian,5.25,Yes,Yes,14.93,No,Indian,211.0,0,Approved,Approved
Female,48.17,3.5,Unknown,Yes,Graduate,Asian,3.5,Yes,No,0.0,No,Other,230.0,0,Approved,Approved
Female,41.17,4.04,Unknown,Yes,Undergraduate,Asian,7.0,Yes,Yes,119.4,No,Indian,320.0,0,Approved,Approved
Female,55.92,11.5,Unknown,Yes,HighSchool,Black,5.0,Yes,Yes,74.63,No,Indian,0.0,8851,Approved,Approved
Female,53.92,9.625,Unknown,Yes,Graduate,Asian,8.665,Yes,Yes,74.63,No,Indian,0.0,0,Approved,Approved
Male,18.92,9.25,Yes,Partial,HighSchool,Asian,1.0,Yes,Yes,59.7,Yes,Indian,80.0,500,Approved,Approved
Male,50.08,12.54,Unknown,Yes,Graduate,Asian,2.29,Yes,Yes,44.78,Yes,Indian,156.0,0,Approved,Approved
Female,65.42,11.0,Unknown,Yes,Graduate,Asian,20.0,Yes,Yes,104.48,Yes,Indian,22.0,0,Approved,Approved
Male,17.58,9.0,Unknown,Yes,Graduate,Asian,1.375,Yes,No,0.0,Yes,Indian,0.0,0,Approved,Approved
Male,18.83,9.54,Unknown,Yes,Graduate,Asian,0.085,Yes,No,0.0,No,Indian,100.0,0,Approved,Approved
Male,37.75,5.5,Unknown,Yes,HighSchool,Asian,0.125,Yes,No,0.0,Yes,Indian,228.0,0,Approved,Approved
Female,23.25,4.0,Unknown,Yes,HighSchool,White,0.25,Yes,No,0.0,Yes,Indian,160.0,0,Approved,Approved
Female,18.08,5.5,Unknown,Yes,HighSchool,Asian,0.5,Yes,No,0.0,No,Indian,80.0,0,Approved,Approved
Male,22.5,8.46,Yes,Partial,Graduate,Asian,2.46,No,No,0.0,No,Indian,164.0,0,Approved,Approved
Female,19.67,0.375,Unknown,Yes,HighSchool,Asian,2.0,Yes,Yes,29.85,Yes,Indian,80.0,0,Approved,Approved
Female,22.08,11.0,Unknown,Yes,Undergraduate,Asian,0.665,Yes,No,0.0,No,Indian,100.0,0,Approved,Approved
Female,25.17,3.5,Unknown,Yes,Undergraduate,Asian,0.625,Yes,Yes,104.48,No,Indian,0.0,7059,Approved,Approved
Male,47.42,3.0,Unknown,Yes,Graduate,Asian,13.875,Yes,Yes,29.85,Yes,Indian,519.0,1704,Approved,Approved
Female,33.5,1.75,Unknown,Yes,Graduate,Asian,4.5,Yes,Yes,59.7,Yes,Indian,253.0,857,Approved,Approved
Female,27.67,13.75,Unknown,Yes,Graduate,Asian,5.75,Yes,No,0.0,Yes,Indian,487.0,500,Approved,Approved
Male,58.42,21.0,Unknown,Yes,HighSchool,White,10.0,Yes,Yes,194.03,No,Indian,0.0,6700,Approved,Approved
Male,20.67,1.835,Unknown,Yes,HighSchool,Asian,2.085,Yes,Yes,74.63,No,Indian,220.0,2503,Approved,Approved
Female,26.17,0.25,Unknown,Yes,HighSchool,White,0.0,Yes,No,0.0,Yes,Indian,0.0,0,Approved,Approved
Female,21.33,7.5,Unknown,Yes,Graduate,Asian,1.415,Yes,Yes,14.93,No,Indian,80.0,9800,Approved,Approved
Female,42.83,4.625,Unknown,Yes,HighSchool,Asian,4.58,Yes,No,0.0,No,Other,0.0,0,Approved,Approved
Female,38.17,10.125,Unknown,Yes,Graduate,Asian,2.5,Yes,Yes,89.55,No,Indian,520.0,196,Approved,Approved
Female,20.5,10.0,Yes,Partial,HighSchool,Asian,2.5,Yes,No,0.0,No,Other,40.0,0,Approved,Approved
Female,48.25,25.085,Unknown,Yes,Graduate,Asian,1.75,Yes,Yes,44.78,No,Indian,120.0,14,Approved,Approved
Female,28.33,5.0,Unknown,Yes,Graduate,Asian,11.0,Yes,No,0.0,Yes,Indian,70.0,0,Approved,Approved
Male,18.75,7.5,Unknown,Yes,HighSchool,Asian,2.71,Yes,Yes,74.63,No,Indian,,26726,Approved,Approved
Female,18.5,2.0,Unknown,Yes,HighSchool,Asian,1.5,Yes,Yes,29.85,No,Indian,120.0,300,Approved,Approved
Female,33.17,3.04,Yes,Partial,HighSchool,Asian,2.04,Yes,Yes,14.93,Yes,Indian,180.0,18027,Approved,Approved
Female,45.0,8.5,Unknown,Yes,Undergraduate,Asian,14.0,Yes,Yes,14.93,Yes,Indian,88.0,2000,Approved,Approved
Male,19.67,0.21,Unknown,Yes,HighSchool,Asian,0.29,Yes,Yes,164.18,No,Indian,80.0,99,Approved,Approved
,24.5,12.75,Unknown,Yes,HighSchool,White,4.75,Yes,Yes,29.85,No,Indian,73.0,444,Approved,Approved
Female,21.83,11.0,Unknown,Yes,Graduate,Asian,0.29,Yes,Yes,89.55,No,Indian,121.0,0,Approved,Approved
Female,40.25,21.5,Unknown,Yes,Graduate,Asian,20.0,Yes,Yes,164.18,No,Indian,0.0,1200,Approved,Approved
Female,41.42,5.0,Unknown,Yes,HighSchool,Asian,5.0,Yes,Yes,89.55,Yes,Indian,470.0,0,Approved,Approved
Male,17.83,11.0,Unknown,Yes,Graduate,Asian,1.0,Yes,Yes,164.18,No,Indian,0.0,3000,Approved,Approved
Female,23.17,11.125,Unknown,Yes,Graduate,Asian,0.46,Yes,Yes,14.93,No,Indian,100.0,0,Approved,Approved
Female,,0.625,Unknown,Yes,HighSchool,Asian,0.25,No,No,0.0,No,Indian,380.0,2010,Rejected,Not Approved
Female,18.17,10.25,Unknown,Yes,HighSchool,Asian,1.085,No,No,0.0,No,Indian,320.0,13,Rejected,Not Approved
Female,20.0,11.045,Unknown,Yes,HighSchool,Asian,2.0,No,No,0.0,Yes,Indian,136.0,0,Rejected,Not Approved
Female,20.0,0.0,Unknown,Yes,Undergraduate,Asian,0.5,No,No,0.0,No,Indian,144.0,0,Rejected,Not Approved
Male,20.75,9.54,Unknown,Yes,HighSchool,Asian,0.04,No,No,0.0,No,Indian,200.0,1000,Rejected,Not Approved
Male,24.5,1.75,Yes,Partial,HighSchool,Asian,0.165,No,No,0.0,No,Indian,132.0,0,Rejected,Not Approved
Female,32.75,2.335,Unknown,Yes,Undergraduate,Asian,5.75,No,No,0.0,Yes,Indian,292.0,0,Rejected,Not Approved
Male,52.17,0.0,Yes,Partial,HighSchool,Black,0.0,No,No,0.0,No,Indian,0.0,0,Rejected,Not Approved
Male,48.17,1.335,Unknown,Yes,HighSchool,Black,0.335,No,No,0.0,No,Indian,0.0,120,Rejected,Not Approved
Male,20.42,10.5,Yes,Partial,Graduate,Asian,0.0,No,No,0.0,Yes,Indian,154.0,32,Rejected,Not Approved
Female,50.75,0.585,Unknown,Yes,HighSchool,Black,0.0,No,No,0.0,No,Indian,145.0,0,Rejected,Not Approved
Female,17.08,0.085,Yes,Partial,HighSchool,Asian,0.04,No,No,0.0,No,Indian,140.0,722,Rejected,Not Approved
Female,18.33,1.21,Yes,Partial,Graduate,White,0.0,No,No,0.0,No,Indian,100.0,0,Rejected,Not Approved
Male,32.0,6.0,Unknown,Yes,Undergraduate,Asian,1.25,No,No,0.0,No,Indian,272.0,0,Rejected,Not Approved
Female,59.67,1.54,Unknown,Yes,HighSchool,Asian,0.125,Yes,No,0.0,Yes,Indian,260.0,0,Approved,Approved
Female,18.0,0.165,Unknown,Yes,HighSchool,White,0.21,No,No,0.0,No,Indian,200.0,40,Approved,Approved
Female,37.58,0.0,,,,Unknown,0.0,No,No,0.0,No,Unknown,,0,Approved,Approved
Female,32.33,2.5,Unknown,Yes,HighSchool,Asian,1.25,No,No,0.0,Yes,Indian,280.0,0,Rejected,Not Approved
Female,18.08,6.75,Yes,Partial,Undergraduate,Asian,0.04,No,No,0.0,No,Indian,140.0,0,Rejected,Not Approved
Female,38.25,10.125,Yes,Partial,HighSchool,Asian,0.125,No,No,0.0,No,Indian,160.0,0,Rejected,Not Approved
Female,30.67,2.5,Unknown,Yes,Undergraduate,Asian,2.25,No,No,0.0,Yes,Other,340.0,0,Rejected,Not Approved
Female,18.58,5.71,Unknown,Yes,Undergraduate,Asian,0.54,No,No,0.0,No,Indian,120.0,0,Rejected,Not Approved
Male,19.17,5.415,Unknown,Yes,HighSchool,Asian,0.29,No,No,0.0,No,Indian,80.0,484,Rejected,Not Approved
Male,18.17,10.0,Yes,Partial,HighSchool,Asian,0.165,No,No,0.0,No,Indian,340.0,0,Rejected,Not Approved
Female,24.58,13.5,Yes,Partial,HighSchool,Black,0.0,No,No,0.0,No,Indian,,0,Rejected,Not Approved
Female,16.25,0.835,Unknown,Yes,Undergraduate,Asian,0.085,Yes,No,0.0,No,Other,200.0,0,Rejected,Not Approved
Female,21.17,0.875,Yes,Partial,HighSchool,Asian,0.25,No,No,0.0,No,Indian,280.0,204,Rejected,Not Approved
Female,23.92,0.585,Yes,Partial,Undergraduate,Asian,0.125,No,No,0.0,No,Indian,240.0,1,Rejected,Not Approved
Female,17.67,4.46,Unknown,Yes,HighSchool,Asian,0.25,No,No,0.0,No,Other,80.0,0,Rejected,Not Approved
Male,16.5,1.25,Unknown,Yes,HighSchool,Asian,0.25,No,Yes,14.93,No,Indian,108.0,98,Rejected,Not Approved
Female,23.25,12.625,Unknown,Yes,HighSchool,Asian,0.125,No,Yes,29.85,No,Indian,0.0,5552,Rejected,Not Approved
Female,17.58,10.0,Unknown,Yes,Graduate,Asian,0.165,No,Yes,14.93,No,Indian,120.0,1,Rejected,Not Approved
Male,,1.5,Unknown,Yes,HighSchool,Black,0.0,No,Yes,29.85,Yes,Indian,200.0,105,Rejected,Not Approved
Female,29.5,0.58,Unknown,Yes,Graduate,Asian,0.29,No,Yes,14.93,No,Indian,340.0,2803,Rejected,Not Approved
Female,18.83,0.415,Yes,Partial,HighSchool,Asian,0.165,No,Yes,14.93,No,Indian,200.0,1,Rejected,Not Approved
Male,21.75,1.75,Yes,Partial,HighSchool,Black,0.0,No,No,0.0,No,Indian,160.0,0,Rejected,Not Approved
Female,23.0,0.75,Unknown,Yes,Undergraduate,Asian,0.5,No,No,0.0,Yes,Other,320.0,0,Rejected,Not Approved
Male,18.25,10.0,Unknown,Yes,Graduate,Asian,1.0,No,Yes,14.93,No,Indian,120.0,1,Rejected,Not Approved
Female,25.42,0.54,Unknown,Yes,Graduate,Asian,0.165,No,Yes,14.93,No,Indian,272.0,444,Rejected,Not Approved
Female,35.75,2.415,Unknown,Yes,Graduate,Asian,0.125,No,Yes,29.85,No,Indian,220.0,1,Rejected,Not Approved
Male,16.08,0.335,Unknown,Yes,HighSchool,Black,0.0,No,Yes,14.93,No,Indian,160.0,126,Rejected,Not Approved
Male,31.92,3.125,Unknown,Yes,HighSchool,Black,3.04,No,Yes,29.85,Yes,Indian,200.0,4,Rejected,Not Approved
Female,69.17,9.0,Unknown,Yes,HighSchool,Black,4.0,No,Yes,14.93,No,Indian,70.0,6,Rejected,Not Approved
Female,32.92,2.5,Unknown,Yes,Graduate,Asian,1.75,No,Yes,29.85,Yes,Indian,720.0,0,Rejected,Not Approved
Female,16.33,2.75,Unknown,Yes,Graduate,Asian,0.665,No,Yes,14.93,No,Indian,80.0,21,Rejected,Not Approved
Female,22.17,12.125,Unknown,Yes,HighSchool,Asian,3.335,No,Yes,29.85,Yes,Indian,180.0,173,Rejected,Not Approved
Male,57.58,2.0,Unknown,Yes,HighSchool,Black,6.5,No,Yes,14.93,No,Indian,0.0,10,Rejected,Not Approved
Female,18.25,0.165,Unknown,Yes,Undergraduate,Asian,0.25,No,No,0.0,Yes,Other,280.0,0,Rejected,Not Approved
Female,23.42,1.0,Unknown,Yes,HighSchool,Asian,0.5,No,No,0.0,Yes,Other,280.0,0,Rejected,Not Approved
Male,15.92,2.875,Unknown,Yes,HighSchool,Asian,0.085,No,No,0.0,No,Indian,120.0,0,Rejected,Not Approved
Male,24.75,13.665,Unknown,Yes,HighSchool,Asian,1.5,No,No,0.0,No,Indian,280.0,1,Rejected,Not Approved
Female,48.75,26.335,Yes,Partial,HighSchool,Black,0.0,Yes,No,0.0,Yes,Indian,0.0,0,Rejected,Not Approved
Female,23.5,2.75,Unknown,Yes,HighSchool,Black,4.5,No,No,0.0,No,Indian,160.0,25,Rejected,Not Approved
Female,18.58,10.29,Unknown,Yes,HighSchool,Black,0.415,No,No,0.0,No,Indian,80.0,0,Rejected,Not Approved
Female,27.75,1.29,Unknown,Yes,HighSchool,Asian,0.25,No,No,0.0,Yes,Other,140.0,0,Rejected,Not Approved
Male,31.75,3.0,Yes,Partial,HighSchool,Black,0.0,No,No,0.0,No,Indian,160.0,20,Rejected,Not Approved
Male,24.83,4.5,Unknown,Yes,Graduate,Asian,1.0,No,No,0.0,Yes,Indian,360.0,6,Rejected,Not Approved
Female,19.0,1.75,Yes,Partial,HighSchool,Asian,2.335,No,No,0.0,Yes,Indian,112.0,6,Rejected,Not Approved
Male,16.33,0.21,Unknown,Yes,Graduate,Asian,0.125,No,No,0.0,No,Indian,200.0,1,Rejected,Not Approved
Male,18.58,10.0,Unknown,Yes,Undergraduate,Asian,0.415,No,No,0.0,No,Indian,80.0,42,Rejected,Not Approved
Female,16.25,0.0,Yes,Partial,Graduate,Asian,0.25,No,No,0.0,No,Indian,60.0,0,Rejected,Not Approved
Female,23.0,0.75,Unknown,Yes,Undergraduate,Asian,0.5,Yes,No,0.0,Yes,Other,320.0,0,Rejected,Not Approved
Female,21.17,0.25,Yes,Partial,HighSchool,Asian,0.25,No,No,0.0,No,Indian,280.0,204,Rejected,Not Approved
Female,17.5,22.0,No,High,HighSchool,Black,0.0,No,No,0.0,Yes,Unknown,450.0,100000,Approved,Approved
Female,19.17,0.0,Yes,Partial,Undergraduate,White,0.0,No,No,0.0,Yes,Other,500.0,1,Approved,Approved
Female,36.75,0.125,Yes,Partial,HighSchool,Asian,1.5,No,No,0.0,Yes,Indian,232.0,113,Approved,Approved
Female,21.25,1.5,Unknown,Yes,Graduate,Asian,1.5,No,No,0.0,No,Indian,150.0,8,Approved,Approved
Male,18.08,0.375,No,High,Undergraduate,Black,10.0,No,No,0.0,Yes,Other,300.0,0,Approved,Approved
Male,33.67,0.375,Unknown,Yes,Undergraduate,Asian,0.375,No,No,0.0,No,Indian,300.0,44,Approved,Approved
Female,48.58,0.205,Yes,Partial,HighSchool,Asian,0.25,Yes,Yes,164.18,No,Indian,380.0,2732,Approved,Approved
Female,33.67,1.25,Unknown,Yes,Graduate,Asian,1.165,No,No,0.0,No,Indian,120.0,0,Rejected,Not Approved
Male,29.5,1.085,Yes,Partial,Graduate,Asian,1.0,No,No,0.0,No,Indian,280.0,13,Rejected,Not Approved
Female,30.17,1.085,Yes,Partial,HighSchool,Asian,0.04,No,No,0.0,No,Indian,170.0,179,Rejected,Not Approved
,40.83,3.5,Unknown,Yes,HighSchool,White,0.5,No,No,0.0,No,Other,1160.0,0,Rejected,Not Approved
Female,34.83,2.5,Yes,Partial,Graduate,Asian,3.0,No,No,0.0,No,Other,200.0,0,Rejected,Not Approved
Female,,4.0,Yes,Partial,HighSchool,Asian,0.085,No,No,0.0,Yes,Indian,411.0,0,Rejected,Not Approved
Female,20.42,0.0,,,,Unknown,0.0,No,No,0.0,No,Unknown,,0,Rejected,Not Approved
Male,33.25,2.5,Yes,Partial,HighSchool,Asian,2.5,No,No,0.0,Yes,Indian,0.0,2,Rejected,Not Approved
Female,34.08,2.5,Unknown,Yes,HighSchool,Asian,1.0,No,No,0.0,No,Indian,460.0,16,Rejected,Not Approved
Male,25.25,12.5,Unknown,Yes,Undergraduate,Asian,1.0,No,No,0.0,Yes,Indian,180.0,1062,Rejected,Not Approved
Female,34.75,2.5,Unknown,Yes,Undergraduate,White,0.5,No,No,0.0,No,Indian,348.0,0,Rejected,Not Approved
Female,27.67,0.75,Unknown,Yes,HighSchool,Asian,0.165,No,No,0.0,Yes,Indian,220.0,251,Rejected,Not Approved
Female,47.33,6.5,Unknown,Yes,HighSchool,Asian,1.0,No,No,0.0,Yes,Indian,0.0,228,Rejected,Not Approved
Male,34.83,1.25,Yes,Partial,HighSchool,Asian,0.5,No,No,0.0,Yes,Indian,160.0,0,Rejected,Not Approved
Male,33.25,3.0,Yes,Partial,Graduate,Asian,2.0,No,No,0.0,No,Indian,180.0,0,Rejected,Not Approved
Female,28.0,3.0,Unknown,Yes,Graduate,Asian,0.75,No,No,0.0,Yes,Indian,300.0,67,Rejected,Not Approved
Male,39.08,4.0,Unknown,Yes,HighSchool,Asian,3.0,No,No,0.0,No,Indian,480.0,0,Rejected,Not Approved
Female,42.75,4.085,Unknown,Yes,Graduate,Asian,0.04,No,No,0.0,No,Indian,108.0,100,Rejected,Not Approved
Female,26.92,2.25,Unknown,Yes,HighSchool,White,0.5,No,No,0.0,Yes,Indian,640.0,4000,Rejected,Not Approved
Female,33.75,2.75,Unknown,Yes,HighSchool,White,0.0,No,No,0.0,No,Indian,180.0,0,Rejected,Not Approved
Female,38.92,1.75,Unknown,Yes,HighSchool,Asian,0.5,No,No,0.0,Yes,Indian,300.0,2,Rejected,Not Approved
Female,62.75,7.0,Unknown,Yes,Graduate,Asian,0.0,No,No,0.0,No,Indian,0.0,12,Rejected,Not Approved
,32.25,1.5,Unknown,Yes,HighSchool,Asian,0.25,No,No,0.0,Yes,Indian,372.0,122,Rejected,Not Approved
Female,26.75,4.5,Yes,Partial,HighSchool,White,2.5,No,No,0.0,No,Indian,200.0,1210,Rejected,Not Approved
Female,63.33,0.54,Unknown,Yes,HighSchool,Asian,0.585,Yes,Yes,44.78,Yes,Indian,180.0,0,Rejected,Not Approved
Female,27.83,1.5,Unknown,Yes,Graduate,Asian,2.25,No,Yes,14.93,Yes,Indian,100.0,3,Rejected,Not Approved
Male,26.17,2.0,Unknown,Yes,HighSchool,Black,0.0,No,No,0.0,Yes,Indian,276.0,1,Rejected,Not Approved
Female,22.17,0.585,Yes,Partial,HighSchool,Black,0.0,No,No,0.0,No,Indian,100.0,0,Rejected,Not Approved
Female,22.5,11.5,Yes,Partial,Undergraduate,Asian,1.5,No,No,0.0,Yes,Indian,0.0,4000,Rejected,Not Approved
Female,30.75,1.585,Unknown,Yes,Undergraduate,Asian,0.585,No,No,0.0,Yes,Other,0.0,0,Rejected,Not Approved
Female,36.67,2.0,Unknown,Yes,HighSchool,Asian,0.25,No,No,0.0,Yes,Indian,221.0,0,Rejected,Not Approved
Male,16.0,0.165,Unknown,Yes,Graduate,Asian,1.0,No,Yes,29.85,Yes,Indian,320.0,1,Rejected,Not Approved
Female,41.17,1.335,Unknown,Yes,Undergraduate,Asian,0.165,No,No,0.0,No,Indian,168.0,0,Rejected,Not Approved
Male,19.5,0.165,Unknown,Yes,HighSchool,Asian,0.04,No,No,0.0,Yes,Indian,380.0,0,Rejected,Not Approved
Female,32.42,3.0,Unknown,Yes,Undergraduate,Asian,0.165,No,No,0.0,Yes,Indian,120.0,0,Rejected,Not Approved
Male,36.75,4.71,Unknown,Yes,HighSchool,Black,0.0,No,No,0.0,No,Indian,160.0,0,Rejected,Not Approved
Male,30.25,5.5,Unknown,Yes,HighSchool,Asian,5.5,No,No,0.0,Yes,Other,100.0,0,Rejected,Not Approved
Female,23.08,2.5,Unknown,Yes,HighSchool,Black,0.085,No,No,0.0,Yes,Indian,100.0,4208,Rejected,Not Approved
Female,26.83,0.54,Unknown,Yes,HighSchool,Black,0.0,No,No,0.0,No,Indian,100.0,0,Rejected,Not Approved
Female,16.92,0.335,Yes,Partial,HighSchool,Asian,0.29,No,No,0.0,No,Other,200.0,0,Rejected,Not Approved
Female,24.42,2.0,Unknown,Yes,Graduate,White,0.165,No,Yes,29.85,No,Indian,320.0,1300,Rejected,Not Approved
Female,42.83,1.25,Unknown,Yes,Undergraduate,Asian,13.875,No,Yes,14.93,Yes,Indian,352.0,112,Rejected,Not Approved
Male,22.75,6.165,Unknown,Yes,Graduate,Asian,0.165,No,No,0.0,No,Indian,220.0,1000,Rejected,Not Approved
Female,39.42,1.71,Yes,Partial,Undergraduate,Asian,0.165,No,No,0.0,No,Other,400.0,0,Rejected,Not Approved
Male,23.58,11.5,Yes,Partial,HighSchool,Asian,3.0,No,No,0.0,Yes,Indian,20.0,16,Rejected,Not Approved
Female,21.42,0.75,Yes,Partial,Undergraduate,White,0.75,No,No,0.0,Yes,Indian,132.0,2,Rejected,Not Approved
Female,33.0,2.5,Yes,Partial,Graduate,Asian,7.0,No,No,0.0,Yes,Indian,280.0,0,Rejected,Not Approved
Female,26.33,13.0,Unknown,Yes,Graduate,White,0.0,No,No,0.0,Yes,Indian,140.0,1110,Rejected,Not Approved
Male,45.0,4.585,Unknown,Yes,HighSchool,Asian,1.0,No,No,0.0,Yes,Other,240.0,0,Rejected,Not Approved
Female,26.25,1.54,Unknown,Yes,Graduate,Asian,0.125,No,No,0.0,No,Indian,100.0,0,Rejected,Not Approved
,28.17,0.585,Unknown,Yes,Graduate,Asian,0.04,No,No,0.0,No,Indian,260.0,1004,Rejected,Not Approved
Male,20.83,0.5,Yes,Partial,Graduate,White,1.0,No,No,0.0,No,Indian,260.0,0,Rejected,Not Approved
Female,28.67,14.5,Unknown,Yes,Undergraduate,Asian,0.125,No,No,0.0,No,Indian,0.0,286,Rejected,Not Approved
Female,20.67,0.835,Yes,Partial,HighSchool,Asian,2.0,No,No,0.0,Yes,Other,240.0,0,Rejected,Not Approved
Female,34.42,1.335,Unknown,Yes,HighSchool,White,0.125,No,No,0.0,Yes,Indian,440.0,4500,Rejected,Not Approved
Female,33.58,0.25,Unknown,Yes,HighSchool,White,4.0,No,No,0.0,Yes,Other,420.0,0,Rejected,Not Approved
Female,43.17,5.0,Unknown,Yes,HighSchool,White,2.25,No,No,0.0,Yes,Indian,141.0,0,Rejected,Not Approved
Male,22.67,7.0,Unknown,Yes,HighSchool,Asian,0.165,No,No,0.0,No,Indian,160.0,0,Rejected,Not Approved
Male,24.33,2.5,Yes,Partial,HighSchool,White,4.5,No,No,0.0,No,Indian,200.0,456,Rejected,Not Approved
Male,56.83,4.25,Yes,Partial,HighSchool,Black,5.0,No,No,0.0,Yes,Indian,0.0,4,Rejected,Not Approved
Female,22.08,11.46,Unknown,Yes,HighSchool,Asian,1.585,No,No,0.0,Yes,Indian,100.0,1212,Rejected,Not Approved
Female,34.0,5.5,Yes,Partial,HighSchool,Asian,1.5,No,No,0.0,Yes,Indian,60.0,0,Rejected,Not Approved
Female,22.58,1.5,Yes,Partial,Graduate,Asian,0.54,No,No,0.0,Yes,Indian,120.0,67,Rejected,Not Approved
Female,21.17,0.0,Unknown,Yes,HighSchool,Asian,0.5,No,No,0.0,Yes,Other,0.0,0,Rejected,Not Approved
Female,26.67,14.585,Unknown,Yes,HighSchool,White,0.0,No,No,0.0,Yes,Indian,178.0,0,Rejected,Not Approved
Female,22.92,0.17,Unknown,Yes,Undergraduate,Asian,0.085,No,No,0.0,No,Other,0.0,0,Rejected,Not Approved
Female,15.17,7.0,Unknown,Yes,Graduate,Asian,1.0,No,No,0.0,No,Indian,600.0,0,Rejected,Not Approved
Female,39.92,5.0,Unknown,Yes,HighSchool,White,0.21,No,No,0.0,No,Indian,550.0,0,Rejected,Not Approved
Female,27.42,12.5,Unknown,Yes,Graduate,White,0.25,No,No,0.0,Yes,Indian,720.0,0,Rejected,Not Approved
Female,24.75,0.54,Unknown,Yes,Undergraduate,Asian,1.0,No,No,0.0,Yes,Indian,120.0,1,Rejected,Not Approved
Female,41.17,1.25,Yes,Partial,Graduate,Asian,0.25,No,No,0.0,No,Indian,0.0,195,Rejected,Not Approved
Male,33.08,1.625,Unknown,Yes,Undergraduate,Asian,0.54,No,No,0.0,Yes,Indian,0.0,0,Rejected,Not Approved
Female,29.83,2.04,Yes,Partial,Graduate,Asian,0.04,No,No,0.0,No,Indian,128.0,1,Rejected,Not Approved
Male,23.58,0.585,Yes,Partial,HighSchool,Black,0.125,No,No,0.0,No,Indian,120.0,87,Rejected,Not Approved
Female,26.17,12.5,Yes,Partial,HighSchool,Asian,1.25,No,No,0.0,Yes,Indian,0.0,17,Rejected,Not Approved
Female,31.0,2.085,Unknown,Yes,HighSchool,Asian,0.085,No,No,0.0,No,Indian,300.0,0,Rejected,Not Approved
Female,20.75,5.085,Yes,Partial,HighSchool,Asian,0.29,No,No,0.0,No,Indian,140.0,184,Rejected,Not Approved
Female,28.92,0.375,Unknown,Yes,HighSchool,Asian,0.29,No,No,0.0,No,Indian,220.0,140,Rejected,Not Approved
Male,51.92,6.5,Unknown,Yes,HighSchool,White,3.085,No,No,0.0,Yes,Indian,73.0,0,Rejected,Not Approved
Male,22.67,0.335,Unknown,Yes,HighSchool,Asian,0.75,No,No,0.0,No,Other,160.0,0,Rejected,Not Approved
Female,34.0,5.085,Yes,Partial,HighSchool,White,1.085,No,No,0.0,Yes,Indian,480.0,0,Rejected,Not Approved
Male,69.5,6.0,Unknown,Yes,HighSchool,Black,0.0,No,No,0.0,No,Other,0.0,0,Rejected,Not Approved
Male,40.33,8.125,Yes,Partial,HighSchool,Asian,0.165,No,Yes,29.85,No,Indian,,18,Rejected,Not Approved
Male,19.58,0.665,Yes,Partial,HighSchool,Asian,1.0,No,Yes,14.93,No,Indian,2000.0,2,Rejected,Not Approved
Female,16.0,3.125,Unknown,Yes,Graduate,Asian,0.085,No,Yes,14.93,No,Indian,0.0,6,Rejected,Not Approved
Female,17.08,0.25,Unknown,Yes,HighSchool,Asian,0.335,No,Yes,59.7,No,Indian,160.0,8,Rejected,Not Approved
Female,31.25,2.835,Unknown,Yes,HighSchool,Black,0.0,No,Yes,74.63,No,Indian,176.0,146,Rejected,Not Approved
Female,25.17,3.0,Unknown,Yes,HighSchool,Asian,1.25,No,Yes,14.93,No,Indian,0.0,22,Rejected,Not Approved
Male,22.67,0.79,Unknown,Yes,HighSchool,Asian,0.085,No,No,0.0,No,Indian,144.0,0,Rejected,Not Approved
Female,40.58,1.5,Unknown,Yes,HighSchool,White,0.0,No,No,0.0,No,Other,300.0,0,Rejected,Not Approved
Female,22.25,0.46,Unknown,Yes,HighSchool,Asian,0.125,No,No,0.0,Yes,Indian,280.0,55,Rejected,Not Approved
Male,22.25,1.25,Yes,Partial,HighSchool,Black,3.25,No,No,0.0,No,Indian,280.0,0,Rejected,Not Approved
Female,22.5,0.125,Yes,Partial,HighSchool,Asian,0.125,No,No,0.0,No,Indian,200.0,70,Rejected,Not Approved
Female,23.58,1.79,Unknown,Yes,HighSchool,Asian,0.54,No,No,0.0,Yes,Indian,136.0,1,Rejected,Not Approved
Female,38.42,0.705,Unknown,Yes,HighSchool,Asian,0.375,No,Yes,29.85,No,Indian,225.0,500,Rejected,Not Approved
Male,26.58,2.54,Yes,Partial,HighSchool,Black,0.0,No,No,0.0,Yes,Indian,180.0,60,Rejected,Not Approved
Female,35.0,2.5,Unknown,Yes,HighSchool,Asian,1.0,No,No,0.0,Yes,Indian,210.0,0,Rejected,Not Approved
Female,20.42,1.085,Unknown,Yes,HighSchool,Asian,1.5,No,No,0.0,No,Indian,108.0,7,Rejected,Not Approved
Female,29.42,1.25,Unknown,Yes,Graduate,Asian,1.75,No,No,0.0,No,Indian,200.0,0,Rejected,Not Approved
Female,26.17,0.835,Unknown,Yes,Undergraduate,Asian,1.165,No,No,0.0,No,Indian,100.0,0,Rejected,Not Approved
Female,33.67,2.165,Unknown,Yes,HighSchool,Asian,1.5,No,No,0.0,No,Unknown,120.0,0,Rejected,Not Approved
Female,24.58,1.25,Unknown,Yes,HighSchool,Asian,0.25,No,No,0.0,No,Indian,110.0,0,Rejected,Not Approved
Male,27.67,2.04,Unknown,Yes,Graduate,Asian,0.25,No,No,0.0,Yes,Indian,180.0,50,Rejected,Not Approved
Female,37.5,0.835,Unknown,Yes,Graduate,Asian,0.04,No,No,0.0,No,Indian,120.0,5,Rejected,Not Approved
Female,49.17,2.29,Unknown,Yes,HighSchool,Black,0.29,No,No,0.0,No,Indian,200.0,3,Rejected,Not Approved
Female,33.58,0.335,Yes,Partial,Undergraduate,Asian,0.085,No,No,0.0,No,Indian,180.0,0,Rejected,Not Approved
Female,51.83,3.0,Yes,Partial,HighSchool,Black,1.5,No,No,0.0,No,Indian,180.0,4,Rejected,Not Approved
Female,22.92,3.165,Yes,Partial,HighSchool,Asian,0.165,No,No,0.0,No,Indian,160.0,1058,Rejected,Not Approved
Female,21.83,1.54,Unknown,Yes,HighSchool,Asian,0.085,No,No,0.0,Yes,Indian,356.0,0,Rejected,Not Approved
Female,25.25,1.0,Unknown,Yes,Graduate,Asian,0.5,No,No,0.0,No,Indian,200.0,0,Rejected,Not Approved
Female,58.58,2.71,Unknown,Yes,HighSchool,Asian,2.415,No,No,0.0,Yes,Indian,320.0,0,Rejected,Not Approved
Female,19.0,0.0,Yes,Partial,HighSchool,Black,0.0,No,Yes,59.7,No,Indian,45.0,1,Rejected,Not Approved
Female,19.58,0.585,Unknown,Yes,HighSchool,Black,0.0,No,Yes,44.78,No,Indian,350.0,769,Rejected,Not Approved
Male,53.33,0.165,Unknown,Yes,HighSchool,Black,0.0,No,No,0.0,Yes,Other,62.0,27,Rejected,Not Approved
Male,27.17,1.25,Unknown,Yes,HighSchool,Black,0.0,No,Yes,14.93,No,Indian,92.0,300,Rejected,Not Approved
Female,25.92,0.875,Unknown,Yes,HighSchool,Asian,0.375,No,Yes,29.85,Yes,Indian,174.0,3,Rejected,Not Approved
Female,23.08,0.0,Unknown,Yes,HighSchool,Asian,1.0,No,Yes,164.18,No,Other,0.0,0,Rejected,Not Approved
Female,39.58,5.0,Unknown,Yes,HighSchool,Black,0.0,No,Yes,29.85,No,Indian,17.0,1,Rejected,Not Approved
Female,30.58,2.71,Yes,Partial,Undergraduate,Asian,0.125,No,No,0.0,Yes,Other,80.0,0,Rejected,Not Approved
Female,17.25,3.0,Unknown,Yes,HighSchool,Asian,0.04,No,No,0.0,Yes,Indian,160.0,40,Rejected,Not Approved
Male,17.67,0.0,Yes,Partial,HighSchool,Black,0.0,No,No,0.0,No,Indian,86.0,0,Rejected,Not Approved
Male,,11.25,Unknown,Yes,HighSchool,Black,0.0,No,No,0.0,No,Indian,,5200,Rejected,Not Approved
Female,16.5,0.125,Unknown,Yes,HighSchool,Asian,0.165,No,No,0.0,No,Indian,132.0,0,Rejected,Not Approved
Male,27.33,1.665,Unknown,Yes,HighSchool,Black,0.0,No,No,0.0,No,Indian,340.0,1,Rejected,Not Approved
Female,31.25,1.125,Unknown,Yes,HighSchool,Black,0.0,No,Yes,14.93,No,Indian,96.0,19,Rejected,Not Approved
Female,20.0,7.0,Unknown,Yes,HighSchool,Asian,0.5,No,No,0.0,No,Indian,0.0,0,Rejected,Not Approved
Female,,3.0,Yes,Partial,HighSchool,White,7.0,No,No,0.0,No,Indian,0.0,1,Rejected,Not Approved
Female,39.5,1.625,Unknown,Yes,HighSchool,Asian,1.5,No,No,0.0,No,Indian,0.0,316,Rejected,Not Approved
Female,36.5,4.25,Unknown,Yes,HighSchool,Asian,3.5,No,No,0.0,No,Indian,454.0,50,Rejected,Not Approved
,29.75,0.665,Unknown,Yes,Graduate,Asian,0.25,No,No,0.0,Yes,Indian,300.0,0,Rejected,Not Approved
Female,52.42,1.5,Unknown,Yes,Undergraduate,Asian,3.75,No,No,0.0,Yes,Indian,0.0,350,Rejected,Not Approved
Female,36.17,18.125,Unknown,Yes,Graduate,Asian,0.085,No,No,0.0,No,Indian,320.0,3552,Rejected,Not Approved
Female,34.58,0.0,,,,Unknown,0.0,No,No,0.0,No,Unknown,,0,Rejected,Not Approved
Female,29.67,0.75,Yes,Partial,HighSchool,Asian,0.04,No,No,0.0,No,Indian,240.0,0,Rejected,Not Approved
Female,36.17,5.5,Unknown,Yes,HighSchool,White,5.0,No,No,0.0,No,Indian,210.0,687,Rejected,Not Approved
Female,25.67,0.29,Yes,Partial,HighSchool,Asian,1.5,No,No,0.0,Yes,Indian,160.0,0,Rejected,Not Approved
Male,24.5,2.415,Yes,Partial,HighSchool,Asian,0.0,No,No,0.0,No,Indian,120.0,0,Rejected,Not Approved
Female,24.08,0.875,Unknown,Yes,Undergraduate,Asian,0.085,No,Yes,59.7,No,Indian,254.0,1950,Rejected,Not Approved
Female,21.92,0.5,Unknown,Yes,HighSchool,Asian,0.125,No,No,0.0,No,Indian,360.0,0,Rejected,Not Approved
Male,36.58,0.29,Unknown,Yes,HighSchool,Black,0.0,No,Yes,149.25,No,Indian,200.0,18,Rejected,Not Approved
Male,23.0,1.835,Unknown,Yes,HighSchool,Black,0.0,No,Yes,14.93,No,Indian,200.0,53,Rejected,Not Approved
Male,27.58,3.0,Unknown,Yes,Undergraduate,Asian,2.79,No,Yes,14.93,Yes,Indian,280.0,10,Rejected,Not Approved
Female,31.08,3.085,Unknown,Yes,HighSchool,Asian,2.5,No,Yes,29.85,Yes,Indian,160.0,41,Rejected,Not Approved
Male,30.42,1.375,Unknown,Yes,Graduate,Asian,0.04,No,Yes,44.78,No,Indian,0.0,33,Rejected,Not Approved
Female,22.08,2.335,Unknown,Yes,HighSchool,Asian,0.75,No,No,0.0,No,Indian,180.0,0,Rejected,Not Approved
Female,16.33,4.085,Unknown,Yes,HighSchool,Asian,0.415,No,No,0.0,Yes,Indian,120.0,0,Rejected,Not Approved
Male,21.92,11.665,Unknown,Yes,HighSchool,Asian,0.085,No,No,0.0,No,Indian,320.0,5,Rejected,Not Approved
Female,21.08,4.125,Yes,Partial,HighSchool,Asian,0.04,No,No,0.0,No,Indian,140.0,100,Rejected,Not Approved
Female,17.42,6.5,Unknown,Yes,HighSchool,Asian,0.125,No,No,0.0,No,Indian,60.0,100,Rejected,Not Approved
Female,19.17,4.0,Yes,Partial,HighSchool,Asian,1.0,No,No,0.0,Yes,Indian,360.0,1000,Rejected,Not Approved
Female,20.67,0.415,Unknown,Yes,HighSchool,Asian,0.125,No,No,0.0,No,Indian,0.0,44,Rejected,Not Approved
Female,26.75,2.0,Unknown,Yes,Undergraduate,Asian,0.75,No,No,0.0,Yes,Indian,80.0,0,Rejected,Not Approved
Female,23.58,0.835,Unknown,Yes,HighSchool,Asian,0.085,No,No,0.0,Yes,Indian,220.0,5,Rejected,Not Approved
Female,39.17,2.5,Yes,Partial,HighSchool,Asian,10.0,No,No,0.0,Yes,Other,200.0,0,Rejected,Not Approved
Female,22.75,11.5,Unknown,Yes,HighSchool,Asian,0.415,No,No,0.0,No,Indian,0.0,0,Rejected,Not Approved
,26.5,2.71,Yes,Partial,,Unknown,0.085,No,No,0.0,No,Other,80.0,0,Rejected,Not Approved
Male,16.92,0.5,Unknown,Yes,HighSchool,Asian,0.165,No,Yes,89.55,Yes,Indian,240.0,35,Rejected,Not Approved
Female,23.5,3.165,Yes,Partial,HighSchool,Asian,0.415,No,Yes,14.93,Yes,Indian,280.0,80,Rejected,Not Approved
Male,17.33,9.5,Unknown,Yes,Graduate,Asian,1.75,No,Yes,149.25,Yes,Indian,0.0,10,Rejected,Not Approved
Female,23.75,0.415,Yes,Partial,HighSchool,Asian,0.04,No,Yes,29.85,No,Indian,128.0,6,Rejected,Not Approved
Female,34.67,1.08,Unknown,Yes,Undergraduate,Asian,1.165,No,No,0.0,No,Other,28.0,0,Rejected,Not Approved
Female,74.83,19.0,Yes,Partial,HighSchool,Black,0.04,No,Yes,29.85,No,Indian,0.0,351,Rejected,Not Approved
Female,28.17,0.125,Yes,Partial,HighSchool,Asian,0.085,No,No,0.0,No,Indian,216.0,2100,Rejected,Not Approved
Female,24.5,13.335,Yes,Partial,Graduate,Asian,0.04,No,No,0.0,Yes,Indian,120.0,475,Rejected,Not Approved
Female,18.83,3.54,Yes,Partial,HighSchool,Black,0.0,No,No,0.0,Yes,Indian,180.0,1,Rejected,Not Approved
,45.33,1.0,Unknown,Yes,HighSchool,Asian,0.125,No,No,0.0,Yes,Indian,263.0,0,Rejected,Not Approved
Male,47.25,0.75,Unknown,Yes,HighSchool,Asian,2.75,Yes,Yes,14.93,No,Indian,333.0,892,Approved,Approved
Female,24.17,0.875,Unknown,Yes,HighSchool,Asian,4.625,Yes,Yes,29.85,Yes,Indian,520.0,2000,Approved,Approved
Female,39.25,9.5,Unknown,Yes,Undergraduate,Asian,6.5,Yes,Yes,208.96,No,Indian,240.0,4607,Approved,Approved
Male,20.5,11.835,Unknown,Yes,HighSchool,Asian,6.0,Yes,No,0.0,No,Indian,340.0,0,Approved,Approved
Male,18.83,4.415,Yes,Partial,HighSchool,Asian,3.0,Yes,No,0.0,No,Indian,240.0,0,Approved,Approved
Female,19.17,9.5,Unknown,Yes,Graduate,Asian,1.5,Yes,No,0.0,No,Indian,120.0,2206,Approved,Approved
Male,25.0,0.875,Unknown,Yes,Graduate,Asian,1.04,Yes,No,0.0,Yes,Indian,160.0,5860,Approved,Approved
Female,20.17,9.25,Unknown,Yes,HighSchool,Asian,1.665,Yes,Yes,44.78,Yes,Indian,40.0,28,Approved,Approved
Female,25.75,0.5,Unknown,Yes,HighSchool,Asian,1.46,Yes,Yes,74.63,Yes,Indian,312.0,0,Approved,Approved
Female,20.42,7.0,Unknown,Yes,HighSchool,Asian,1.625,Yes,Yes,44.78,No,Indian,200.0,1391,Approved,Approved
Female,,4.0,Unknown,Yes,Graduate,Asian,5.0,Yes,Yes,44.78,Yes,Indian,290.0,2279,Approved,Approved
Female,39.0,5.0,Unknown,Yes,Undergraduate,Asian,3.5,Yes,Yes,149.25,Yes,Indian,0.0,0,Approved,Approved
Male,64.08,0.165,Unknown,Yes,HighSchool,Black,0.0,Yes,Yes,14.93,No,Indian,232.0,100,Approved,Approved
Female,28.25,5.125,Unknown,Yes,Graduate,Asian,4.75,Yes,Yes,29.85,No,Indian,420.0,7,Approved,Approved
Male,28.75,3.75,Unknown,Yes,HighSchool,Asian,1.085,Yes,Yes,14.93,Yes,Indian,371.0,0,Approved,Approved
Female,31.33,19.5,Unknown,Yes,HighSchool,Asian,7.0,Yes,Yes,238.81,No,Indian,0.0,5000,Approved,Approved
Male,18.92,9.0,Unknown,Yes,Graduate,Asian,0.75,Yes,Yes,29.85,No,Indian,88.0,591,Approved,Approved
Male,24.75,3.0,Unknown,Yes,HighSchool,Asian,1.835,Yes,Yes,283.58,No,Indian,0.0,500,Approved,Approved
Male,30.67,12.0,Unknown,Yes,HighSchool,Asian,2.0,Yes,Yes,14.93,No,Indian,220.0,19,Approved,Approved
Female,21.0,4.79,Yes,Partial,Graduate,Asian,2.25,Yes,Yes,14.93,Yes,Indian,80.0,300,Approved,Approved
Female,13.75,4.0,Yes,Partial,Graduate,Asian,1.75,Yes,Yes,29.85,Yes,Indian,120.0,1000,Approved,Approved
Male,46.0,4.0,Unknown,Yes,HighSchool,Black,0.0,Yes,No,0.0,No,Indian,100.0,960,Approved,Approved
Male,44.33,0.0,Unknown,Yes,HighSchool,Asian,2.5,Yes,No,0.0,No,Indian,0.0,0,Approved,Approved
Female,20.25,9.96,Unknown,Yes,Graduate,White,0.0,Yes,No,0.0,No,Indian,0.0,0,Approved,Approved
Female,22.67,2.54,Yes,Partial,HighSchool,Asian,2.585,Yes,No,0.0,No,Indian,0.0,0,Approved,Approved
Female,,10.5,Unknown,Yes,Graduate,Asian,6.5,Yes,No,0.0,No,Indian,0.0,0,Approved,Approved
Male,60.92,5.0,Unknown,Yes,Graduate,Asian,4.0,Yes,Yes,59.7,No,Indian,0.0,99,Approved,Approved
Female,16.08,0.75,Unknown,Yes,HighSchool,Asian,1.75,Yes,Yes,74.63,Yes,Indian,352.0,690,Approved,Approved
Male,28.17,0.375,Unknown,Yes,HighSchool,Asian,0.585,Yes,Yes,59.7,No,Indian,80.0,0,Approved,Approved
Female,39.17,1.71,Unknown,Yes,Graduate,Asian,0.125,Yes,Yes,74.63,Yes,Indian,480.0,0,Approved,Approved
,20.42,7.5,Unknown,Yes,HighSchool,Asian,1.5,Yes,Yes,14.93,No,Indian,160.0,234,Approved,Approved
Male,30.0,5.29,Unknown,Yes,Graduate,White,2.25,Yes,Yes,74.63,Yes,Indian,99.0,500,Approved,Approved
Female,22.83,3.0,Unknown,Yes,Undergraduate,Asian,1.29,Yes,Yes,14.93,No,Indian,260.0,800,Approved,Approved
Male,22.5,8.5,Unknown,Yes,HighSchool,Asian,1.75,Yes,Yes,149.25,No,Indian,80.0,990,Rejected,Not Approved
Male,28.58,1.665,Unknown,Yes,HighSchool,Asian,2.415,Yes,No,0.0,Yes,Indian,440.0,0,Rejected,Not Approved
Female,45.17,1.5,Unknown,Yes,HighSchool,Asian,2.5,Yes,No,0.0,Yes,Indian,140.0,0,Rejected,Not Approved
Female,41.58,1.75,Unknown,Yes,HighSchool,Asian,0.21,Yes,No,0.0,No,Indian,160.0,0,Rejected,Not Approved
Male,57.08,0.335,Unknown,Yes,HighSchool,White,1.0,Yes,No,0.0,Yes,Indian,252.0,2197,Rejected,Not Approved
Male,55.75,7.08,Unknown,Yes,HighSchool,Asian,6.75,Yes,Yes,44.78,Yes,Indian,100.0,50,Rejected,Not Approved
Female,43.25,25.21,Unknown,Yes,HighSchool,Asian,0.21,Yes,Yes,14.93,No,Indian,760.0,90,Rejected,Not Approved
Male,25.33,2.085,Unknown,Yes,HighSchool,Asian,2.75,Yes,No,0.0,Yes,Indian,360.0,1,Rejected,Not Approved
Male,24.58,0.67,Unknown,Yes,Graduate,Asian,1.75,Yes,No,0.0,No,Indian,400.0,0,Rejected,Not Approved
Female,43.17,2.25,Unknown,Yes,HighSchool,White,0.75,Yes,No,0.0,No,Indian,560.0,0,Rejected,Not Approved
Female,40.92,0.835,Unknown,Yes,HighSchool,Black,0.0,Yes,No,0.0,No,Indian,130.0,1,Rejected,Not Approved
Female,31.83,2.5,Unknown,Yes,Graduate,Asian,7.5,Yes,No,0.0,Yes,Indian,523.0,0,Rejected,Not Approved
Male,33.92,1.585,Yes,Partial,HighSchool,Black,0.0,Yes,No,0.0,No,Indian,320.0,0,Rejected,Not Approved
Male,24.92,1.25,Unknown,Yes,HighSchool,Black,0.0,Yes,No,0.0,No,Indian,80.0,0,Rejected,Not Approved
Female,35.25,3.165,Unknown,Yes,Graduate,Asian,3.75,Yes,No,0.0,Yes,Indian,680.0,0,Rejected,Not Approved
Female,34.25,1.75,Unknown,Yes,Graduate,White,0.25,Yes,No,0.0,Yes,Indian,163.0,0,Rejected,Not Approved
Female,80.25,5.5,Unknown,Yes,,Unknown,0.54,Yes,No,0.0,No,Indian,0.0,340,Rejected,Not Approved
Female,19.42,1.5,Yes,Partial,Undergraduate,Asian,2.0,Yes,No,0.0,Yes,Indian,100.0,20,Rejected,Not Approved
Female,42.75,3.0,Unknown,Yes,HighSchool,White,1.0,Yes,No,0.0,No,Indian,0.0,200,Rejected,Not Approved
Female,19.67,10.0,Yes,Partial,HighSchool,Asian,0.835,Yes,No,0.0,Yes,Indian,140.0,0,Rejected,Not Approved
Female,36.33,3.79,Unknown,Yes,Graduate,Asian,1.165,Yes,No,0.0,Yes,Indian,200.0,0,Rejected,Not Approved
Female,30.08,1.04,Yes,Partial,HighSchool,White,0.5,Yes,Yes,149.25,Yes,Indian,132.0,28,Rejected,Not Approved
Female,44.25,11.0,Yes,Partial,Undergraduate,Asian,1.5,Yes,No,0.0,No,Other,0.0,0,Rejected,Not Approved
Female,23.58,0.46,Yes,Partial,Graduate,Asian,2.625,Yes,Yes,89.55,Yes,Indian,208.0,347,Rejected,Not Approved
Female,23.92,1.5,Unknown,Yes,Undergraduate,Asian,1.875,Yes,Yes,89.55,No,Indian,200.0,327,Approved,Approved
Female,33.17,1.0,Unknown,Yes,Graduate,Asian,0.75,Yes,Yes,104.48,Yes,Indian,340.0,4071,Approved,Approved
Female,48.33,12.0,Unknown,Yes,Undergraduate,Asian,16.0,Yes,No,0.0,No,Other,110.0,0,Approved,Approved
Female,76.75,22.29,Unknown,Yes,Graduate,Asian,12.75,Yes,Yes,14.93,Yes,Indian,0.0,109,Approved,Approved
Female,51.33,10.0,Unknown,Yes,HighSchool,White,0.0,Yes,Yes,164.18,No,Indian,0.0,1249,Approved,Approved
Female,34.75,15.0,Unknown,Yes,Undergraduate,White,5.375,Yes,Yes,134.33,Yes,Indian,0.0,134,Approved,Approved
Female,38.58,3.335,Unknown,Yes,Graduate,Asian,4.0,Yes,Yes,208.96,No,Indian,383.0,1344,Approved,Approved
Male,22.42,11.25,Yes,Partial,Graduate,Asian,0.75,Yes,Yes,59.7,No,Indian,0.0,321,Approved,Approved
Female,41.92,0.42,Unknown,Yes,HighSchool,Asian,0.21,Yes,Yes,89.55,No,Indian,220.0,948,Approved,Approved
Female,29.58,4.5,Unknown,Yes,Graduate,Asian,7.5,Yes,Yes,29.85,Yes,Indian,330.0,0,Approved,Approved
Male,32.17,1.46,Unknown,Yes,Graduate,Asian,1.085,Yes,Yes,238.81,No,Indian,120.0,2079,Approved,Approved
Female,51.42,0.04,Unknown,Yes,Graduate,Asian,0.04,Yes,No,0.0,No,Indian,0.0,3000,Approved,Approved
Male,22.83,2.29,Unknown,Yes,HighSchool,Asian,2.29,Yes,Yes,104.48,Yes,Indian,140.0,2384,Approved,Approved
Male,25.0,12.33,Unknown,Yes,Undergraduate,Asian,3.5,Yes,Yes,89.55,No,Indian,400.0,458,Approved,Approved
Female,26.75,1.125,Unknown,Yes,Graduate,Asian,1.25,Yes,No,0.0,No,Indian,0.0,5298,Approved,Approved
Female,23.33,1.5,Unknown,Yes,HighSchool,Asian,1.415,Yes,No,0.0,No,Indian,422.0,200,Approved,Approved
Female,24.42,12.335,Unknown,Yes,HighSchool,Asian,1.585,Yes,No,0.0,Yes,Indian,120.0,0,Approved,Approved
Female,42.17,5.04,Unknown,Yes,HighSchool,Asian,12.75,Yes,No,0.0,Yes,Indian,92.0,0,Approved,Approved
Male,20.83,3.0,Unknown,Yes,Graduate,Asian,0.04,Yes,No,0.0,No,Indian,100.0,0,Approved,Approved
Female,23.08,11.5,Unknown,Yes,Graduate,Asian,2.125,Yes,Yes,164.18,Yes,Indian,290.0,284,Approved,Approved
Male,25.17,2.875,Unknown,Yes,Graduate,Asian,0.875,Yes,No,0.0,No,Indian,360.0,0,Approved,Approved
Female,43.08,0.375,Yes,Partial,HighSchool,Asian,0.375,Yes,Yes,119.4,Yes,Indian,300.0,162,Approved,Approved
Male,35.75,0.915,Unknown,Yes,Graduate,Asian,0.75,Yes,Yes,59.7,No,Indian,0.0,1583,Approved,Approved
Female,59.5,2.75,Unknown,Yes,Graduate,Asian,1.75,Yes,Yes,74.63,Yes,Indian,60.0,58,Approved,Approved
Female,21.0,3.0,Yes,Partial,Undergraduate,Asian,1.085,Yes,Yes,119.4,Yes,Indian,160.0,1,Approved,Approved
Female,21.92,0.54,Yes,Partial,Graduate,Asian,0.04,Yes,Yes,14.93,Yes,Indian,840.0,59,Approved,Approved
Male,65.17,14.0,Unknown,Yes,HighSchool,Black,0.0,Yes,Yes,164.18,Yes,Indian,0.0,1400,Approved,Approved
Male,20.33,10.0,Unknown,Yes,HighSchool,Asian,1.0,Yes,Yes,59.7,No,Indian,50.0,1465,Approved,Approved
Female,32.25,0.165,Yes,Partial,HighSchool,Asian,3.25,Yes,Yes,14.93,Yes,Indian,432.0,8000,Approved,Approved
Female,30.17,0.5,Unknown,Yes,HighSchool,Asian,1.75,Yes,Yes,164.18,No,Indian,32.0,540,Approved,Approved
Female,25.17,6.0,Unknown,Yes,HighSchool,Asian,1.0,Yes,Yes,44.78,No,Indian,0.0,0,Approved,Approved
Female,39.17,1.625,Unknown,Yes,HighSchool,Asian,1.5,Yes,Yes,149.25,No,Indian,186.0,4700,Approved,Approved
Female,39.08,6.0,Unknown,Yes,Undergraduate,Asian,1.29,Yes,Yes,74.63,Yes,Indian,108.0,1097,Approved,Approved
Female,31.67,0.83,Unknown,Yes,Graduate,Asian,1.335,Yes,Yes,119.4,Yes,Indian,303.0,3290,Approved,Approved
Female,41.0,0.04,Unknown,Yes,Graduate,Asian,0.04,No,Yes,14.93,No,Other,560.0,0,Approved,Approved
Female,48.5,4.25,Unknown,Yes,Undergraduate,Asian,0.125,Yes,No,0.0,Yes,Indian,225.0,0,Approved,Approved
Female,32.67,9.0,Yes,Partial,Graduate,Asian,5.25,Yes,No,0.0,Yes,Indian,154.0,0,Approved,Approved
Male,28.08,15.0,Yes,Partial,Graduate,Asian,0.0,Yes,No,0.0,No,Indian,0.0,13212,Approved,Approved
Female,73.42,17.75,Unknown,Yes,HighSchool,Black,0.0,Yes,No,0.0,Yes,Indian,0.0,0,Approved,Approved
Female,64.08,20.0,Unknown,Yes,Graduate,Asian,17.5,Yes,Yes,134.33,Yes,Indian,0.0,1000,Approved,Approved
Female,51.58,15.0,Unknown,Yes,HighSchool,Asian,8.5,Yes,Yes,134.33,No,Indian,0.0,0,Approved,Approved
Female,26.67,1.75,Yes,Partial,HighSchool,Asian,1.0,Yes,Yes,74.63,Yes,Indian,160.0,5777,Approved,Approved
Female,25.33,0.58,Unknown,Yes,HighSchool,Asian,0.29,Yes,Yes,104.48,Yes,Indian,96.0,5124,Approved,Approved
Female,30.17,6.5,Unknown,Yes,Undergraduate,Asian,3.125,Yes,Yes,119.4,No,Indian,330.0,1200,Approved,Approved
Female,27.0,0.75,Unknown,Yes,HighSchool,Asian,4.25,Yes,Yes,44.78,Yes,Indian,312.0,150,Approved,Approved
Female,23.17,0.0,,,,Unknown,0.0,No,No,0.0,No,Unknown,,0,Approved,Approved
Female,34.17,5.25,Unknown,Yes,Graduate,Asian,0.085,No,No,0.0,Yes,Indian,290.0,6,Approved,Approved
Female,38.67,0.21,Unknown,Yes,HighSchool,Asian,0.085,Yes,No,0.0,Yes,Indian,280.0,0,Approved,Approved
Female,25.75,0.75,Unknown,Yes,HighSchool,White,0.25,Yes,No,0.0,No,Indian,349.0,23,Approved,Approved
Male,46.08,3.0,Unknown,Yes,HighSchool,Asian,2.375,Yes,Yes,119.4,Yes,Indian,396.0,4159,Approved,Approved
Male,21.5,6.0,Unknown,Yes,Graduate,Asian,2.5,Yes,Yes,44.78,No,Indian,80.0,918,Approved,Approved
,20.08,0.125,Unknown,Yes,HighSchool,Asian,1.0,No,Yes,14.93,No,Indian,240.0,768,Approved,Approved
Female,20.5,2.415,Unknown,Yes,HighSchool,Asian,2.0,Yes,Yes,164.18,Yes,Indian,200.0,3000,Approved,Approved
Male,29.5,0.46,Unknown,Yes,HighSchool,Asian,0.54,Yes,Yes,59.7,No,Indian,380.0,500,Approved,Approved
,42.25,1.75,Yes,Partial,,Unknown,0.0,No,No,0.0,Yes,Indian,150.0,1,Rejected,Not Approved
Female,29.83,1.25,Yes,Partial,HighSchool,Asian,0.25,No,No,0.0,No,Indian,224.0,0,Rejected,Not Approved
Female,20.08,0.25,Unknown,Yes,HighSchool,Asian,0.125,No,No,0.0,No,Indian,200.0,0,Rejected,Not Approved
Female,23.42,0.585,Unknown,Yes,HighSchool,Asian,0.085,Yes,No,0.0,No,Indian,180.0,0,Rejected,Not Approved
Male,29.58,1.75,Yes,Partial,HighSchool,Asian,1.25,No,No,0.0,Yes,Indian,280.0,0,Rejected,Not Approved
Female,16.17,0.04,Unknown,Yes,HighSchool,Asian,0.04,No,No,0.0,No,Indian,0.0,0,Approved,Approved
Female,32.33,3.5,Unknown,Yes,HighSchool,Asian,0.5,No,No,0.0,Yes,Indian,232.0,0,Rejected,Not Approved
Female,,0.04,Yes,Partial,Undergraduate,Asian,4.25,No,No,0.0,Yes,Indian,460.0,0,Rejected,Not Approved
Female,47.83,4.165,Unknown,Yes,Graduate,White,0.085,No,No,0.0,Yes,Indian,520.0,0,Rejected,Not Approved
Female,20.0,1.25,Yes,Partial,HighSchool,Asian,0.125,No,No,0.0,No,Indian,140.0,4,Rejected,Not Approved
Female,27.58,3.25,Yes,Partial,HighSchool,Asian,5.085,No,Yes,29.85,Yes,Indian,369.0,1,Rejected,Not Approved
Female,22.0,0.79,Unknown,Yes,Graduate,Asian,0.29,No,Yes,14.93,No,Indian,420.0,283,Rejected,Not Approved
Female,19.33,10.915,Unknown,Yes,HighSchool,White,0.585,No,Yes,29.85,Yes,Indian,200.0,7,Rejected,Not Approved
Male,38.33,4.415,Unknown,Yes,HighSchool,Asian,0.125,No,No,0.0,No,Indian,160.0,0,Rejected,Not Approved
Female,29.42,1.25,Unknown,Yes,HighSchool,Asian,0.25,No,Yes,29.85,Yes,Indian,400.0,108,Rejected,Not Approved
Female,22.67,0.75,Unknown,Yes,HighSchool,Asian,1.585,No,Yes,14.93,Yes,Indian,400.0,9,Rejected,Not Approved
Female,32.25,14.0,Yes,Partial,HighSchool,Black,0.0,No,Yes,29.85,No,Indian,160.0,1,Rejected,Not Approved
Female,29.58,4.75,Unknown,Yes,Undergraduate,Asian,2.0,No,Yes,14.93,Yes,Indian,460.0,68,Rejected,Not Approved
Female,18.42,10.415,Yes,Partial,Graduate,Asian,0.125,Yes,No,0.0,No,Indian,120.0,375,Rejected,Not Approved
Female,22.17,2.25,Unknown,Yes,HighSchool,Asian,0.125,No,No,0.0,No,Indian,160.0,10,Rejected,Not Approved
Female,22.67,0.165,Unknown,Yes,HighSchool,Black,2.25,No,No,0.0,Yes,Other,0.0,0,Approved,Approved
Male,25.58,0.0,,,,Unknown,0.0,No,No,0.0,No,Unknown,,0,Approved,Approved
Female,18.83,0.0,Unknown,Yes,HighSchool,Asian,0.665,No,No,0.0,No,Indian,160.0,1,Rejected,Not Approved
Female,21.58,0.79,Yes,Partial,Undergraduate,Asian,0.665,No,No,0.0,No,Indian,160.0,0,Rejected,Not Approved
Female,23.75,12.0,Unknown,Yes,HighSchool,Asian,2.085,No,No,0.0,No,Other,80.0,0,Rejected,Not Approved
Female,22.0,7.835,Yes,Partial,HighSchool,White,0.165,No,No,0.0,Yes,Indian,,0,Rejected,Not Approved
Female,36.08,2.54,Unknown,Yes,HighSchool,Black,0.0,No,No,0.0,No,Indian,0.0,1000,Rejected,Not Approved
Female,29.25,13.0,Unknown,Yes,Undergraduate,Asian,0.5,No,No,0.0,No,Indian,228.0,0,Rejected,Not Approved
Male,19.58,0.665,Unknown,Yes,Graduate,Asian,1.665,No,No,0.0,No,Indian,220.0,5,Rejected,Not Approved
Male,22.92,1.25,Unknown,Yes,HighSchool,Asian,0.25,No,No,0.0,Yes,Indian,120.0,809,Rejected,Not Approved
Male,27.25,0.29,Unknown,Yes,Undergraduate,Asian,0.125,No,Yes,14.93,Yes,Indian,272.0,108,Rejected,Not Approved
Male,38.75,1.5,Unknown,Yes,HighSchool,Black,0.0,No,No,0.0,No,Indian,76.0,0,Rejected,Not Approved
Female,32.42,2.165,Yes,Partial,HighSchool,Black,0.0,No,No,0.0,No,Indian,120.0,0,Rejected,Not Approved
Male,23.75,0.71,Unknown,Yes,Graduate,Asian,0.25,No,Yes,14.93,Yes,Indian,240.0,4,Rejected,Not Approved
Female,18.17,2.46,Unknown,Yes,HighSchool,White,0.96,No,Yes,29.85,Yes,Indian,160.0,587,Rejected,Not Approved
Female,40.92,0.5,Yes,Partial,Undergraduate,Asian,0.5,No,No,0.0,Yes,Indian,130.0,0,Rejected,Not Approved
Female,19.5,9.585,Unknown,Yes,Graduate,Asian,0.79,No,No,0.0,No,Indian,80.0,350,Rejected,Not Approved
Female,28.58,3.625,Unknown,Yes,Graduate,Asian,0.25,No,No,0.0,Yes,Indian,100.0,0,Rejected,Not Approved
Female,35.58,0.75,Unknown,Yes,HighSchool,Asian,1.5,No,No,0.0,Yes,Indian,231.0,0,Rejected,Not Approved
Female,34.17,2.75,Unknown,Yes,HighSchool,White,2.5,No,No,0.0,Yes,Indian,232.0,200,Rejected,Not Approved
,33.17,2.25,Yes,Partial,Undergraduate,Asian,3.5,No,No,0.0,Yes,Indian,200.0,141,Rejected,Not Approved
Female,31.58,0.75,Yes,Partial,Graduate,Asian,3.5,No,No,0.0,Yes,Indian,320.0,0,Rejected,Not Approved
Male,52.5,7.0,Unknown,Yes,Graduate,Asian,3.0,No,No,0.0,No,Indian,0.0,0,Rejected,Not Approved
Female,36.17,0.42,Yes,Partial,Graduate,Asian,0.29,No,No,0.0,Yes,Indian,309.0,2,Rejected,Not Approved
Female,37.33,2.665,Unknown,Yes,Undergraduate,Asian,0.165,No,No,0.0,Yes,Indian,0.0,501,Rejected,Not Approved
Male,20.83,8.5,Unknown,Yes,HighSchool,Asian,0.165,No,No,0.0,No,Indian,0.0,351,Rejected,Not Approved
Female,24.08,9.0,Unknown,Yes,Graduate,Asian,0.25,No,No,0.0,Yes,Indian,0.0,0,Rejected,Not Approved
Female,25.58,0.335,Unknown,Yes,HighSchool,Asian,3.5,No,No,0.0,Yes,Indian,340.0,0,Rejected,Not Approved
Male,35.17,3.75,Unknown,Yes,HighSchool,Black,0.0,No,Yes,89.55,No,Indian,0.0,200,Rejected,Not Approved
Female,48.08,3.75,Unknown,Yes,HighSchool,White,1.0,No,No,0.0,No,Indian,100.0,2,Rejected,Not Approved
Male,15.83,7.625,Unknown,Yes,HighSchool,Asian,0.125,No,Yes,14.93,Yes,Indian,0.0,160,Rejected,Not Approved
Male,22.5,0.415,Unknown,Yes,HighSchool,Asian,0.335,No,No,0.0,Yes,Other,144.0,0,Rejected,Not Approved
Female,21.5,11.5,Unknown,Yes,HighSchool,Asian,0.5,Yes,No,0.0,Yes,Indian,100.0,68,Rejected,Not Approved
Male,23.58,0.83,Unknown,Yes,HighSchool,Asian,0.415,No,Yes,14.93,Yes,Indian,200.0,11,Rejected,Not Approved
Male,21.08,5.0,Yes,Partial,HighSchool,Black,0.0,No,No,0.0,No,Indian,0.0,0,Rejected,Not Approved
Female,25.67,3.25,Unknown,Yes,HighSchool,Asian,2.29,No,Yes,14.93,Yes,Indian,416.0,21,Rejected,Not Approved
Male,38.92,1.665,Unknown,Yes,Graduate,Asian,0.25,No,No,0.0,No,Indian,0.0,390,Rejected,Not Approved
Male,15.75,0.375,Unknown,Yes,HighSchool,Asian,1.0,No,No,0.0,No,Indian,120.0,18,Rejected,Not Approved
Male,28.58,3.75,Unknown,Yes,HighSchool,Asian,0.25,No,Yes,14.93,Yes,Indian,40.0,154,Rejected,Not Approved
Female,22.25,9.0,Unknown,Yes,Graduate,Asian,0.085,No,No,0.0,No,Indian,0.0,0,Rejected,Not Approved
Female,29.83,3.5,Unknown,Yes,HighSchool,Asian,0.165,No,No,0.0,No,Indian,216.0,0,Rejected,Not Approved
Male,23.5,1.5,Unknown,Yes,Graduate,Asian,0.875,No,No,0.0,Yes,Indian,160.0,0,Rejected,Not Approved
Female,32.08,4.0,Yes,Partial,Undergraduate,Asian,1.5,No,No,0.0,Yes,Indian,120.0,0,Rejected,Not Approved
Female,31.08,1.5,Yes,Partial,Graduate,Asian,0.04,No,No,0.0,No,Other,160.0,0,Rejected,Not Approved
Female,31.83,0.04,Yes,Partial,Undergraduate,Asian,0.04,No,No,0.0,No,Indian,0.0,0,Rejected,Not Approved
Male,21.75,11.75,Unknown,Yes,HighSchool,Asian,0.25,No,No,0.0,Yes,Indian,180.0,0,Rejected,Not Approved
Male,17.92,0.54,Unknown,Yes,HighSchool,Asian,1.75,No,Yes,14.93,Yes,Indian,80.0,5,Rejected,Not Approved
Female,30.33,0.5,Unknown,Yes,Undergraduate,Asian,0.085,No,No,0.0,Yes,Other,252.0,0,Rejected,Not Approved
Female,51.83,2.04,Yes,Partial,HighSchool,Black,1.5,No,No,0.0,No,Indian,120.0,1,Rejected,Not Approved
Female,47.17,5.835,Unknown,Yes,Graduate,Asian,5.5,No,No,0.0,No,Indian,465.0,150,Rejected,Not Approved
Female,25.83,12.835,Unknown,Yes,Undergraduate,Asian,0.5,No,No,0.0,No,Indian,0.0,2,Rejected,Not Approved
Male,50.25,0.835,Unknown,Yes,Graduate,Asian,0.5,No,No,0.0,Yes,Indian,240.0,117,Rejected,Not Approved
,29.5,2.0,Yes,Partial,Graduate,Asian,2.0,No,No,0.0,No,Indian,256.0,17,Rejected,Not Approved
Male,37.33,2.5,Unknown,Yes,HighSchool,Asian,0.21,No,No,0.0,No,Indian,260.0,246,Rejected,Not Approved
Male,41.58,1.04,Unknown,Yes,Graduate,Asian,0.665,No,No,0.0,No,Indian,240.0,237,Rejected,Not Approved
Male,30.58,10.665,Unknown,Yes,HighSchool,Asian,0.085,No,Yes,179.1,Yes,Indian,129.0,3,Rejected,Not Approved
Female,19.42,7.25,Unknown,Yes,Undergraduate,Asian,0.04,No,Yes,14.93,No,Indian,100.0,1,Rejected,Not Approved
Male,17.92,10.21,Unknown,Yes,HighSchool,Black,0.0,No,No,0.0,No,Indian,0.0,50,Rejected,Not Approved
Male,20.08,1.25,Unknown,Yes,HighSchool,Asian,0.0,No,No,0.0,No,Indian,0.0,0,Rejected,Not Approved
Female,19.5,0.29,Unknown,Yes,HighSchool,Asian,0.29,No,No,0.0,No,Indian,280.0,364,Rejected,Not Approved
Female,27.83,1.0,Yes,Partial,Undergraduate,Asian,3.0,No,No,0.0,No,Indian,176.0,537,Rejected,Not Approved
Female,17.08,3.29,Unknown,Yes,HighSchool,Asian,0.335,No,No,0.0,Yes,Indian,140.0,2,Rejected,Not Approved
Female,36.42,0.75,Yes,Partial,Undergraduate,Asian,0.585,No,No,0.0,No,Indian,240.0,3,Rejected,Not Approved
Female,40.58,3.29,Unknown,Yes,Undergraduate,Asian,3.5,No,No,0.0,Yes,Other,400.0,0,Rejected,Not Approved
Female,21.08,10.085,Yes,Partial,Graduate,Asian,1.25,No,No,0.0,No,Indian,260.0,0,Rejected,Not Approved
Male,22.67,0.75,Unknown,Yes,HighSchool,Asian,2.0,No,Yes,29.85,Yes,Indian,200.0,394,Rejected,Not Approved
Male,25.25,13.5,Yes,Partial,HighSchool,Black,2.0,No,Yes,14.93,Yes,Indian,200.0,1,Rejected,Not Approved
Female,17.92,0.205,Unknown,Yes,Graduate,Asian,0.04,No,No,0.0,No,Indian,280.0,750,Rejected,Not Approved
Female,35.0,3.375,Unknown,Yes,HighSchool,Asian,8.29,No,No,0.0,Yes,Indian,0.0,0,Rejected,Not Approved
